<?xml version="1.0" encoding="UTF-8"?>
<document version="1.2.0">
  <chunks next_id="2" active_id="1">
    <chunk id="0" path="0/chunk.zip"/>
    <chunk id="1" path="1/chunk.zip"/>
  </chunks>
  <meta>
    <property name="Info/LastSavedDateTime" value="2022:04:05 18:18:22"/>
    <property name="Info/LastSavedSoftwareVersion" value="1.8.2.0"/>
    <property name="Info/OriginalDateTime" value="2022:04:05 17:51:31"/>
    <property name="Info/OriginalSoftwareName" value="Agisoft Metashape"/>
    <property name="Info/OriginalSoftwareVendor" value="Agisoft"/>
    <property name="Info/OriginalSoftwareVersion" value="1.8.2.0"/>
    <property name="Project/AbsolutePaths" value="false"/>
  </meta>
</document>
