<?xml version="1.0" encoding="UTF-8"?>
<depth_maps version="1.5.0">
  <depth_map camera_id="0" level="0" path="0/d0.exr">
    <calibration type="frame">
      <resolution width="1008" height="756"/>
      <f>790.97337577665519</f>
      <cx>9.0190117755726078</cx>
      <cy>-3.2990252392296497</cy>
    </calibration>
  </depth_map>
  <depth_map camera_id="0" level="1" path="1/d0.exr">
    <calibration type="frame">
      <resolution width="504" height="378"/>
      <f>395.48668788832759</f>
      <cx>4.5095058877863039</cx>
      <cy>-1.6495126196148249</cy>
    </calibration>
  </depth_map>
  <depth_map camera_id="0" level="2" path="2/d0.exr">
    <calibration type="frame">
      <resolution width="252" height="189"/>
      <f>197.7433439441638</f>
      <cx>2.254752943893152</cx>
      <cy>-0.82475630980741244</cy>
    </calibration>
  </depth_map>
  <depth_map camera_id="1" level="0" path="0/d1.exr">
    <calibration type="frame">
      <resolution width="1008" height="756"/>
      <f>790.97337577665519</f>
      <cx>9.0190117755726078</cx>
      <cy>-3.2990252392296497</cy>
    </calibration>
  </depth_map>
  <depth_map camera_id="1" level="1" path="1/d1.exr">
    <calibration type="frame">
      <resolution width="504" height="378"/>
      <f>395.48668788832759</f>
      <cx>4.5095058877863039</cx>
      <cy>-1.6495126196148249</cy>
    </calibration>
  </depth_map>
  <depth_map camera_id="1" level="2" path="2/d1.exr">
    <calibration type="frame">
      <resolution width="252" height="189"/>
      <f>197.7433439441638</f>
      <cx>2.254752943893152</cx>
      <cy>-0.82475630980741244</cy>
    </calibration>
  </depth_map>
  <depth_map camera_id="2" level="0" path="0/d2.exr">
    <calibration type="frame">
      <resolution width="1008" height="756"/>
      <f>790.97337577665519</f>
      <cx>9.0190117755726078</cx>
      <cy>-3.2990252392296497</cy>
    </calibration>
  </depth_map>
  <depth_map camera_id="2" level="1" path="1/d2.exr">
    <calibration type="frame">
      <resolution width="504" height="378"/>
      <f>395.48668788832759</f>
      <cx>4.5095058877863039</cx>
      <cy>-1.6495126196148249</cy>
    </calibration>
  </depth_map>
  <depth_map camera_id="2" level="2" path="2/d2.exr">
    <calibration type="frame">
      <resolution width="252" height="189"/>
      <f>197.7433439441638</f>
      <cx>2.254752943893152</cx>
      <cy>-0.82475630980741244</cy>
    </calibration>
  </depth_map>
  <depth_map camera_id="3" level="0" path="0/d3.exr">
    <calibration type="frame">
      <resolution width="1008" height="756"/>
      <f>790.97337577665519</f>
      <cx>9.0190117755726078</cx>
      <cy>-3.2990252392296497</cy>
    </calibration>
  </depth_map>
  <depth_map camera_id="3" level="1" path="1/d3.exr">
    <calibration type="frame">
      <resolution width="504" height="378"/>
      <f>395.48668788832759</f>
      <cx>4.5095058877863039</cx>
      <cy>-1.6495126196148249</cy>
    </calibration>
  </depth_map>
  <depth_map camera_id="3" level="2" path="2/d3.exr">
    <calibration type="frame">
      <resolution width="252" height="189"/>
      <f>197.7433439441638</f>
      <cx>2.254752943893152</cx>
      <cy>-0.82475630980741244</cy>
    </calibration>
  </depth_map>
  <depth_map camera_id="4" level="0" path="0/d4.exr">
    <calibration type="frame">
      <resolution width="1008" height="756"/>
      <f>790.97337577665519</f>
      <cx>9.0190117755726078</cx>
      <cy>-3.2990252392296497</cy>
    </calibration>
  </depth_map>
  <depth_map camera_id="4" level="1" path="1/d4.exr">
    <calibration type="frame">
      <resolution width="504" height="378"/>
      <f>395.48668788832759</f>
      <cx>4.5095058877863039</cx>
      <cy>-1.6495126196148249</cy>
    </calibration>
  </depth_map>
  <depth_map camera_id="4" level="2" path="2/d4.exr">
    <calibration type="frame">
      <resolution width="252" height="189"/>
      <f>197.7433439441638</f>
      <cx>2.254752943893152</cx>
      <cy>-0.82475630980741244</cy>
    </calibration>
  </depth_map>
  <depth_map camera_id="5" level="0" path="0/d5.exr">
    <calibration type="frame">
      <resolution width="1008" height="756"/>
      <f>790.97337577665519</f>
      <cx>9.0190117755726078</cx>
      <cy>-3.2990252392296497</cy>
    </calibration>
  </depth_map>
  <depth_map camera_id="5" level="1" path="1/d5.exr">
    <calibration type="frame">
      <resolution width="504" height="378"/>
      <f>395.48668788832759</f>
      <cx>4.5095058877863039</cx>
      <cy>-1.6495126196148249</cy>
    </calibration>
  </depth_map>
  <depth_map camera_id="5" level="2" path="2/d5.exr">
    <calibration type="frame">
      <resolution width="252" height="189"/>
      <f>197.7433439441638</f>
      <cx>2.254752943893152</cx>
      <cy>-0.82475630980741244</cy>
    </calibration>
  </depth_map>
  <depth_map camera_id="6" level="0" path="0/d6.exr">
    <calibration type="frame">
      <resolution width="1008" height="756"/>
      <f>790.97337577665519</f>
      <cx>9.0190117755726078</cx>
      <cy>-3.2990252392296497</cy>
    </calibration>
  </depth_map>
  <depth_map camera_id="6" level="1" path="1/d6.exr">
    <calibration type="frame">
      <resolution width="504" height="378"/>
      <f>395.48668788832759</f>
      <cx>4.5095058877863039</cx>
      <cy>-1.6495126196148249</cy>
    </calibration>
  </depth_map>
  <depth_map camera_id="6" level="2" path="2/d6.exr">
    <calibration type="frame">
      <resolution width="252" height="189"/>
      <f>197.7433439441638</f>
      <cx>2.254752943893152</cx>
      <cy>-0.82475630980741244</cy>
    </calibration>
  </depth_map>
  <depth_map camera_id="7" level="0" path="0/d7.exr">
    <calibration type="frame">
      <resolution width="1008" height="756"/>
      <f>790.97337577665519</f>
      <cx>9.0190117755726078</cx>
      <cy>-3.2990252392296497</cy>
    </calibration>
  </depth_map>
  <depth_map camera_id="7" level="1" path="1/d7.exr">
    <calibration type="frame">
      <resolution width="504" height="378"/>
      <f>395.48668788832759</f>
      <cx>4.5095058877863039</cx>
      <cy>-1.6495126196148249</cy>
    </calibration>
  </depth_map>
  <depth_map camera_id="7" level="2" path="2/d7.exr">
    <calibration type="frame">
      <resolution width="252" height="189"/>
      <f>197.7433439441638</f>
      <cx>2.254752943893152</cx>
      <cy>-0.82475630980741244</cy>
    </calibration>
  </depth_map>
  <depth_map camera_id="8" level="0" path="0/d8.exr">
    <calibration type="frame">
      <resolution width="1008" height="756"/>
      <f>790.97337577665519</f>
      <cx>9.0190117755726078</cx>
      <cy>-3.2990252392296497</cy>
    </calibration>
  </depth_map>
  <depth_map camera_id="8" level="1" path="1/d8.exr">
    <calibration type="frame">
      <resolution width="504" height="378"/>
      <f>395.48668788832759</f>
      <cx>4.5095058877863039</cx>
      <cy>-1.6495126196148249</cy>
    </calibration>
  </depth_map>
  <depth_map camera_id="8" level="2" path="2/d8.exr">
    <calibration type="frame">
      <resolution width="252" height="189"/>
      <f>197.7433439441638</f>
      <cx>2.254752943893152</cx>
      <cy>-0.82475630980741244</cy>
    </calibration>
  </depth_map>
  <depth_map camera_id="9" level="0" path="0/d9.exr">
    <calibration type="frame">
      <resolution width="1008" height="756"/>
      <f>790.97337577665519</f>
      <cx>9.0190117755726078</cx>
      <cy>-3.2990252392296497</cy>
    </calibration>
  </depth_map>
  <depth_map camera_id="9" level="1" path="1/d9.exr">
    <calibration type="frame">
      <resolution width="504" height="378"/>
      <f>395.48668788832759</f>
      <cx>4.5095058877863039</cx>
      <cy>-1.6495126196148249</cy>
    </calibration>
  </depth_map>
  <depth_map camera_id="9" level="2" path="2/d9.exr">
    <calibration type="frame">
      <resolution width="252" height="189"/>
      <f>197.7433439441638</f>
      <cx>2.254752943893152</cx>
      <cy>-0.82475630980741244</cy>
    </calibration>
  </depth_map>
  <depth_map camera_id="10" level="0" path="0/d10.exr">
    <calibration type="frame">
      <resolution width="1008" height="756"/>
      <f>790.97337577665519</f>
      <cx>9.0190117755726078</cx>
      <cy>-3.2990252392296497</cy>
    </calibration>
  </depth_map>
  <depth_map camera_id="10" level="1" path="1/d10.exr">
    <calibration type="frame">
      <resolution width="504" height="378"/>
      <f>395.48668788832759</f>
      <cx>4.5095058877863039</cx>
      <cy>-1.6495126196148249</cy>
    </calibration>
  </depth_map>
  <depth_map camera_id="10" level="2" path="2/d10.exr">
    <calibration type="frame">
      <resolution width="252" height="189"/>
      <f>197.7433439441638</f>
      <cx>2.254752943893152</cx>
      <cy>-0.82475630980741244</cy>
    </calibration>
  </depth_map>
  <depth_map camera_id="11" level="0" path="0/d11.exr">
    <calibration type="frame">
      <resolution width="1008" height="756"/>
      <f>790.97337577665519</f>
      <cx>9.0190117755726078</cx>
      <cy>-3.2990252392296497</cy>
    </calibration>
  </depth_map>
  <depth_map camera_id="11" level="1" path="1/d11.exr">
    <calibration type="frame">
      <resolution width="504" height="378"/>
      <f>395.48668788832759</f>
      <cx>4.5095058877863039</cx>
      <cy>-1.6495126196148249</cy>
    </calibration>
  </depth_map>
  <depth_map camera_id="11" level="2" path="2/d11.exr">
    <calibration type="frame">
      <resolution width="252" height="189"/>
      <f>197.7433439441638</f>
      <cx>2.254752943893152</cx>
      <cy>-0.82475630980741244</cy>
    </calibration>
  </depth_map>
  <depth_map camera_id="12" level="0" path="0/d12.exr">
    <calibration type="frame">
      <resolution width="1008" height="756"/>
      <f>790.97337577665519</f>
      <cx>9.0190117755726078</cx>
      <cy>-3.2990252392296497</cy>
    </calibration>
  </depth_map>
  <depth_map camera_id="12" level="1" path="1/d12.exr">
    <calibration type="frame">
      <resolution width="504" height="378"/>
      <f>395.48668788832759</f>
      <cx>4.5095058877863039</cx>
      <cy>-1.6495126196148249</cy>
    </calibration>
  </depth_map>
  <depth_map camera_id="12" level="2" path="2/d12.exr">
    <calibration type="frame">
      <resolution width="252" height="189"/>
      <f>197.7433439441638</f>
      <cx>2.254752943893152</cx>
      <cy>-0.82475630980741244</cy>
    </calibration>
  </depth_map>
  <depth_map camera_id="13" level="0" path="0/d13.exr">
    <calibration type="frame">
      <resolution width="1008" height="756"/>
      <f>790.97337577665519</f>
      <cx>9.0190117755726078</cx>
      <cy>-3.2990252392296497</cy>
    </calibration>
  </depth_map>
  <depth_map camera_id="13" level="1" path="1/d13.exr">
    <calibration type="frame">
      <resolution width="504" height="378"/>
      <f>395.48668788832759</f>
      <cx>4.5095058877863039</cx>
      <cy>-1.6495126196148249</cy>
    </calibration>
  </depth_map>
  <depth_map camera_id="13" level="2" path="2/d13.exr">
    <calibration type="frame">
      <resolution width="252" height="189"/>
      <f>197.7433439441638</f>
      <cx>2.254752943893152</cx>
      <cy>-0.82475630980741244</cy>
    </calibration>
  </depth_map>
  <depth_map camera_id="14" level="0" path="0/d14.exr">
    <calibration type="frame">
      <resolution width="1008" height="756"/>
      <f>790.97337577665519</f>
      <cx>9.0190117755726078</cx>
      <cy>-3.2990252392296497</cy>
    </calibration>
  </depth_map>
  <depth_map camera_id="14" level="1" path="1/d14.exr">
    <calibration type="frame">
      <resolution width="504" height="378"/>
      <f>395.48668788832759</f>
      <cx>4.5095058877863039</cx>
      <cy>-1.6495126196148249</cy>
    </calibration>
  </depth_map>
  <depth_map camera_id="14" level="2" path="2/d14.exr">
    <calibration type="frame">
      <resolution width="252" height="189"/>
      <f>197.7433439441638</f>
      <cx>2.254752943893152</cx>
      <cy>-0.82475630980741244</cy>
    </calibration>
  </depth_map>
  <depth_map camera_id="15" level="0" path="0/d15.exr">
    <calibration type="frame">
      <resolution width="1008" height="756"/>
      <f>790.97337577665519</f>
      <cx>9.0190117755726078</cx>
      <cy>-3.2990252392296497</cy>
    </calibration>
  </depth_map>
  <depth_map camera_id="15" level="1" path="1/d15.exr">
    <calibration type="frame">
      <resolution width="504" height="378"/>
      <f>395.48668788832759</f>
      <cx>4.5095058877863039</cx>
      <cy>-1.6495126196148249</cy>
    </calibration>
  </depth_map>
  <depth_map camera_id="15" level="2" path="2/d15.exr">
    <calibration type="frame">
      <resolution width="252" height="189"/>
      <f>197.7433439441638</f>
      <cx>2.254752943893152</cx>
      <cy>-0.82475630980741244</cy>
    </calibration>
  </depth_map>
  <depth_map camera_id="16" level="0" path="0/d16.exr">
    <calibration type="frame">
      <resolution width="1008" height="756"/>
      <f>790.97337577665519</f>
      <cx>9.0190117755726078</cx>
      <cy>-3.2990252392296497</cy>
    </calibration>
  </depth_map>
  <depth_map camera_id="16" level="1" path="1/d16.exr">
    <calibration type="frame">
      <resolution width="504" height="378"/>
      <f>395.48668788832759</f>
      <cx>4.5095058877863039</cx>
      <cy>-1.6495126196148249</cy>
    </calibration>
  </depth_map>
  <depth_map camera_id="16" level="2" path="2/d16.exr">
    <calibration type="frame">
      <resolution width="252" height="189"/>
      <f>197.7433439441638</f>
      <cx>2.254752943893152</cx>
      <cy>-0.82475630980741244</cy>
    </calibration>
  </depth_map>
  <depth_map camera_id="17" level="0" path="0/d17.exr">
    <calibration type="frame">
      <resolution width="1008" height="756"/>
      <f>790.97337577665519</f>
      <cx>9.0190117755726078</cx>
      <cy>-3.2990252392296497</cy>
    </calibration>
  </depth_map>
  <depth_map camera_id="17" level="1" path="1/d17.exr">
    <calibration type="frame">
      <resolution width="504" height="378"/>
      <f>395.48668788832759</f>
      <cx>4.5095058877863039</cx>
      <cy>-1.6495126196148249</cy>
    </calibration>
  </depth_map>
  <depth_map camera_id="17" level="2" path="2/d17.exr">
    <calibration type="frame">
      <resolution width="252" height="189"/>
      <f>197.7433439441638</f>
      <cx>2.254752943893152</cx>
      <cy>-0.82475630980741244</cy>
    </calibration>
  </depth_map>
  <depth_map camera_id="18" level="0" path="0/d18.exr">
    <calibration type="frame">
      <resolution width="1008" height="756"/>
      <f>790.97337577665519</f>
      <cx>9.0190117755726078</cx>
      <cy>-3.2990252392296497</cy>
    </calibration>
  </depth_map>
  <depth_map camera_id="18" level="1" path="1/d18.exr">
    <calibration type="frame">
      <resolution width="504" height="378"/>
      <f>395.48668788832759</f>
      <cx>4.5095058877863039</cx>
      <cy>-1.6495126196148249</cy>
    </calibration>
  </depth_map>
  <depth_map camera_id="18" level="2" path="2/d18.exr">
    <calibration type="frame">
      <resolution width="252" height="189"/>
      <f>197.7433439441638</f>
      <cx>2.254752943893152</cx>
      <cy>-0.82475630980741244</cy>
    </calibration>
  </depth_map>
  <depth_map camera_id="19" level="0" path="0/d19.exr">
    <calibration type="frame">
      <resolution width="1008" height="756"/>
      <f>790.97337577665519</f>
      <cx>9.0190117755726078</cx>
      <cy>-3.2990252392296497</cy>
    </calibration>
  </depth_map>
  <depth_map camera_id="19" level="1" path="1/d19.exr">
    <calibration type="frame">
      <resolution width="504" height="378"/>
      <f>395.48668788832759</f>
      <cx>4.5095058877863039</cx>
      <cy>-1.6495126196148249</cy>
    </calibration>
  </depth_map>
  <depth_map camera_id="19" level="2" path="2/d19.exr">
    <calibration type="frame">
      <resolution width="252" height="189"/>
      <f>197.7433439441638</f>
      <cx>2.254752943893152</cx>
      <cy>-0.82475630980741244</cy>
    </calibration>
  </depth_map>
  <depth_map camera_id="20" level="0" path="0/d20.exr">
    <calibration type="frame">
      <resolution width="1008" height="756"/>
      <f>790.97337577665519</f>
      <cx>9.0190117755726078</cx>
      <cy>-3.2990252392296497</cy>
    </calibration>
  </depth_map>
  <depth_map camera_id="20" level="1" path="1/d20.exr">
    <calibration type="frame">
      <resolution width="504" height="378"/>
      <f>395.48668788832759</f>
      <cx>4.5095058877863039</cx>
      <cy>-1.6495126196148249</cy>
    </calibration>
  </depth_map>
  <depth_map camera_id="20" level="2" path="2/d20.exr">
    <calibration type="frame">
      <resolution width="252" height="189"/>
      <f>197.7433439441638</f>
      <cx>2.254752943893152</cx>
      <cy>-0.82475630980741244</cy>
    </calibration>
  </depth_map>
  <depth_map camera_id="21" level="0" path="0/d21.exr">
    <calibration type="frame">
      <resolution width="1008" height="756"/>
      <f>790.97337577665519</f>
      <cx>9.0190117755726078</cx>
      <cy>-3.2990252392296497</cy>
    </calibration>
  </depth_map>
  <depth_map camera_id="21" level="1" path="1/d21.exr">
    <calibration type="frame">
      <resolution width="504" height="378"/>
      <f>395.48668788832759</f>
      <cx>4.5095058877863039</cx>
      <cy>-1.6495126196148249</cy>
    </calibration>
  </depth_map>
  <depth_map camera_id="21" level="2" path="2/d21.exr">
    <calibration type="frame">
      <resolution width="252" height="189"/>
      <f>197.7433439441638</f>
      <cx>2.254752943893152</cx>
      <cy>-0.82475630980741244</cy>
    </calibration>
  </depth_map>
  <depth_map camera_id="22" level="0" path="0/d22.exr">
    <calibration type="frame">
      <resolution width="1008" height="756"/>
      <f>790.97337577665519</f>
      <cx>9.0190117755726078</cx>
      <cy>-3.2990252392296497</cy>
    </calibration>
  </depth_map>
  <depth_map camera_id="22" level="1" path="1/d22.exr">
    <calibration type="frame">
      <resolution width="504" height="378"/>
      <f>395.48668788832759</f>
      <cx>4.5095058877863039</cx>
      <cy>-1.6495126196148249</cy>
    </calibration>
  </depth_map>
  <depth_map camera_id="22" level="2" path="2/d22.exr">
    <calibration type="frame">
      <resolution width="252" height="189"/>
      <f>197.7433439441638</f>
      <cx>2.254752943893152</cx>
      <cy>-0.82475630980741244</cy>
    </calibration>
  </depth_map>
  <depth_map camera_id="23" level="0" path="0/d23.exr">
    <calibration type="frame">
      <resolution width="1008" height="756"/>
      <f>790.97337577665519</f>
      <cx>9.0190117755726078</cx>
      <cy>-3.2990252392296497</cy>
    </calibration>
  </depth_map>
  <depth_map camera_id="23" level="1" path="1/d23.exr">
    <calibration type="frame">
      <resolution width="504" height="378"/>
      <f>395.48668788832759</f>
      <cx>4.5095058877863039</cx>
      <cy>-1.6495126196148249</cy>
    </calibration>
  </depth_map>
  <depth_map camera_id="23" level="2" path="2/d23.exr">
    <calibration type="frame">
      <resolution width="252" height="189"/>
      <f>197.7433439441638</f>
      <cx>2.254752943893152</cx>
      <cy>-0.82475630980741244</cy>
    </calibration>
  </depth_map>
  <depth_map camera_id="24" level="0" path="0/d24.exr">
    <calibration type="frame">
      <resolution width="1008" height="756"/>
      <f>790.97337577665519</f>
      <cx>9.0190117755726078</cx>
      <cy>-3.2990252392296497</cy>
    </calibration>
  </depth_map>
  <depth_map camera_id="24" level="1" path="1/d24.exr">
    <calibration type="frame">
      <resolution width="504" height="378"/>
      <f>395.48668788832759</f>
      <cx>4.5095058877863039</cx>
      <cy>-1.6495126196148249</cy>
    </calibration>
  </depth_map>
  <depth_map camera_id="24" level="2" path="2/d24.exr">
    <calibration type="frame">
      <resolution width="252" height="189"/>
      <f>197.7433439441638</f>
      <cx>2.254752943893152</cx>
      <cy>-0.82475630980741244</cy>
    </calibration>
  </depth_map>
  <depth_map camera_id="25" level="0" path="0/d25.exr">
    <calibration type="frame">
      <resolution width="1008" height="756"/>
      <f>790.97337577665519</f>
      <cx>9.0190117755726078</cx>
      <cy>-3.2990252392296497</cy>
    </calibration>
  </depth_map>
  <depth_map camera_id="25" level="1" path="1/d25.exr">
    <calibration type="frame">
      <resolution width="504" height="378"/>
      <f>395.48668788832759</f>
      <cx>4.5095058877863039</cx>
      <cy>-1.6495126196148249</cy>
    </calibration>
  </depth_map>
  <depth_map camera_id="25" level="2" path="2/d25.exr">
    <calibration type="frame">
      <resolution width="252" height="189"/>
      <f>197.7433439441638</f>
      <cx>2.254752943893152</cx>
      <cy>-0.82475630980741244</cy>
    </calibration>
  </depth_map>
  <depth_map camera_id="26" level="0" path="0/d26.exr">
    <calibration type="frame">
      <resolution width="1008" height="756"/>
      <f>790.97337577665519</f>
      <cx>9.0190117755726078</cx>
      <cy>-3.2990252392296497</cy>
    </calibration>
  </depth_map>
  <depth_map camera_id="26" level="1" path="1/d26.exr">
    <calibration type="frame">
      <resolution width="504" height="378"/>
      <f>395.48668788832759</f>
      <cx>4.5095058877863039</cx>
      <cy>-1.6495126196148249</cy>
    </calibration>
  </depth_map>
  <depth_map camera_id="26" level="2" path="2/d26.exr">
    <calibration type="frame">
      <resolution width="252" height="189"/>
      <f>197.7433439441638</f>
      <cx>2.254752943893152</cx>
      <cy>-0.82475630980741244</cy>
    </calibration>
  </depth_map>
  <depth_map camera_id="27" level="0" path="0/d27.exr">
    <calibration type="frame">
      <resolution width="1008" height="756"/>
      <f>790.97337577665519</f>
      <cx>9.0190117755726078</cx>
      <cy>-3.2990252392296497</cy>
    </calibration>
  </depth_map>
  <depth_map camera_id="27" level="1" path="1/d27.exr">
    <calibration type="frame">
      <resolution width="504" height="378"/>
      <f>395.48668788832759</f>
      <cx>4.5095058877863039</cx>
      <cy>-1.6495126196148249</cy>
    </calibration>
  </depth_map>
  <depth_map camera_id="27" level="2" path="2/d27.exr">
    <calibration type="frame">
      <resolution width="252" height="189"/>
      <f>197.7433439441638</f>
      <cx>2.254752943893152</cx>
      <cy>-0.82475630980741244</cy>
    </calibration>
  </depth_map>
  <depth_map camera_id="28" level="0" path="0/d28.exr">
    <calibration type="frame">
      <resolution width="1008" height="756"/>
      <f>790.97337577665519</f>
      <cx>9.0190117755726078</cx>
      <cy>-3.2990252392296497</cy>
    </calibration>
  </depth_map>
  <depth_map camera_id="28" level="1" path="1/d28.exr">
    <calibration type="frame">
      <resolution width="504" height="378"/>
      <f>395.48668788832759</f>
      <cx>4.5095058877863039</cx>
      <cy>-1.6495126196148249</cy>
    </calibration>
  </depth_map>
  <depth_map camera_id="28" level="2" path="2/d28.exr">
    <calibration type="frame">
      <resolution width="252" height="189"/>
      <f>197.7433439441638</f>
      <cx>2.254752943893152</cx>
      <cy>-0.82475630980741244</cy>
    </calibration>
  </depth_map>
  <depth_map camera_id="29" level="0" path="0/d29.exr">
    <calibration type="frame">
      <resolution width="1008" height="756"/>
      <f>790.97337577665519</f>
      <cx>9.0190117755726078</cx>
      <cy>-3.2990252392296497</cy>
    </calibration>
  </depth_map>
  <depth_map camera_id="29" level="1" path="1/d29.exr">
    <calibration type="frame">
      <resolution width="504" height="378"/>
      <f>395.48668788832759</f>
      <cx>4.5095058877863039</cx>
      <cy>-1.6495126196148249</cy>
    </calibration>
  </depth_map>
  <depth_map camera_id="29" level="2" path="2/d29.exr">
    <calibration type="frame">
      <resolution width="252" height="189"/>
      <f>197.7433439441638</f>
      <cx>2.254752943893152</cx>
      <cy>-0.82475630980741244</cy>
    </calibration>
  </depth_map>
  <depth_map camera_id="30" level="0" path="0/d30.exr">
    <calibration type="frame">
      <resolution width="1008" height="756"/>
      <f>790.97337577665519</f>
      <cx>9.0190117755726078</cx>
      <cy>-3.2990252392296497</cy>
    </calibration>
  </depth_map>
  <depth_map camera_id="30" level="1" path="1/d30.exr">
    <calibration type="frame">
      <resolution width="504" height="378"/>
      <f>395.48668788832759</f>
      <cx>4.5095058877863039</cx>
      <cy>-1.6495126196148249</cy>
    </calibration>
  </depth_map>
  <depth_map camera_id="30" level="2" path="2/d30.exr">
    <calibration type="frame">
      <resolution width="252" height="189"/>
      <f>197.7433439441638</f>
      <cx>2.254752943893152</cx>
      <cy>-0.82475630980741244</cy>
    </calibration>
  </depth_map>
  <depth_map camera_id="31" level="0" path="0/d31.exr">
    <calibration type="frame">
      <resolution width="1008" height="756"/>
      <f>790.97337577665519</f>
      <cx>9.0190117755726078</cx>
      <cy>-3.2990252392296497</cy>
    </calibration>
  </depth_map>
  <depth_map camera_id="31" level="1" path="1/d31.exr">
    <calibration type="frame">
      <resolution width="504" height="378"/>
      <f>395.48668788832759</f>
      <cx>4.5095058877863039</cx>
      <cy>-1.6495126196148249</cy>
    </calibration>
  </depth_map>
  <depth_map camera_id="31" level="2" path="2/d31.exr">
    <calibration type="frame">
      <resolution width="252" height="189"/>
      <f>197.7433439441638</f>
      <cx>2.254752943893152</cx>
      <cy>-0.82475630980741244</cy>
    </calibration>
  </depth_map>
  <depth_map camera_id="32" level="0" path="0/d32.exr">
    <calibration type="frame">
      <resolution width="1008" height="756"/>
      <f>790.97337577665519</f>
      <cx>9.0190117755726078</cx>
      <cy>-3.2990252392296497</cy>
    </calibration>
  </depth_map>
  <depth_map camera_id="32" level="1" path="1/d32.exr">
    <calibration type="frame">
      <resolution width="504" height="378"/>
      <f>395.48668788832759</f>
      <cx>4.5095058877863039</cx>
      <cy>-1.6495126196148249</cy>
    </calibration>
  </depth_map>
  <depth_map camera_id="32" level="2" path="2/d32.exr">
    <calibration type="frame">
      <resolution width="252" height="189"/>
      <f>197.7433439441638</f>
      <cx>2.254752943893152</cx>
      <cy>-0.82475630980741244</cy>
    </calibration>
  </depth_map>
  <depth_map camera_id="33" level="0" path="0/d33.exr">
    <calibration type="frame">
      <resolution width="1008" height="756"/>
      <f>790.97337577665519</f>
      <cx>9.0190117755726078</cx>
      <cy>-3.2990252392296497</cy>
    </calibration>
  </depth_map>
  <depth_map camera_id="33" level="1" path="1/d33.exr">
    <calibration type="frame">
      <resolution width="504" height="378"/>
      <f>395.48668788832759</f>
      <cx>4.5095058877863039</cx>
      <cy>-1.6495126196148249</cy>
    </calibration>
  </depth_map>
  <depth_map camera_id="33" level="2" path="2/d33.exr">
    <calibration type="frame">
      <resolution width="252" height="189"/>
      <f>197.7433439441638</f>
      <cx>2.254752943893152</cx>
      <cy>-0.82475630980741244</cy>
    </calibration>
  </depth_map>
  <depth_map camera_id="34" level="0" path="0/d34.exr">
    <calibration type="frame">
      <resolution width="1008" height="756"/>
      <f>790.97337577665519</f>
      <cx>9.0190117755726078</cx>
      <cy>-3.2990252392296497</cy>
    </calibration>
  </depth_map>
  <depth_map camera_id="34" level="1" path="1/d34.exr">
    <calibration type="frame">
      <resolution width="504" height="378"/>
      <f>395.48668788832759</f>
      <cx>4.5095058877863039</cx>
      <cy>-1.6495126196148249</cy>
    </calibration>
  </depth_map>
  <depth_map camera_id="34" level="2" path="2/d34.exr">
    <calibration type="frame">
      <resolution width="252" height="189"/>
      <f>197.7433439441638</f>
      <cx>2.254752943893152</cx>
      <cy>-0.82475630980741244</cy>
    </calibration>
  </depth_map>
  <depth_map camera_id="35" level="0" path="0/d35.exr">
    <calibration type="frame">
      <resolution width="1008" height="756"/>
      <f>790.97337577665519</f>
      <cx>9.0190117755726078</cx>
      <cy>-3.2990252392296497</cy>
    </calibration>
  </depth_map>
  <depth_map camera_id="35" level="1" path="1/d35.exr">
    <calibration type="frame">
      <resolution width="504" height="378"/>
      <f>395.48668788832759</f>
      <cx>4.5095058877863039</cx>
      <cy>-1.6495126196148249</cy>
    </calibration>
  </depth_map>
  <depth_map camera_id="35" level="2" path="2/d35.exr">
    <calibration type="frame">
      <resolution width="252" height="189"/>
      <f>197.7433439441638</f>
      <cx>2.254752943893152</cx>
      <cy>-0.82475630980741244</cy>
    </calibration>
  </depth_map>
  <depth_map camera_id="36" level="0" path="0/d36.exr">
    <calibration type="frame">
      <resolution width="1008" height="756"/>
      <f>790.97337577665519</f>
      <cx>9.0190117755726078</cx>
      <cy>-3.2990252392296497</cy>
    </calibration>
  </depth_map>
  <depth_map camera_id="36" level="1" path="1/d36.exr">
    <calibration type="frame">
      <resolution width="504" height="378"/>
      <f>395.48668788832759</f>
      <cx>4.5095058877863039</cx>
      <cy>-1.6495126196148249</cy>
    </calibration>
  </depth_map>
  <depth_map camera_id="36" level="2" path="2/d36.exr">
    <calibration type="frame">
      <resolution width="252" height="189"/>
      <f>197.7433439441638</f>
      <cx>2.254752943893152</cx>
      <cy>-0.82475630980741244</cy>
    </calibration>
  </depth_map>
  <depth_map camera_id="37" level="0" path="0/d37.exr">
    <calibration type="frame">
      <resolution width="1008" height="756"/>
      <f>790.97337577665519</f>
      <cx>9.0190117755726078</cx>
      <cy>-3.2990252392296497</cy>
    </calibration>
  </depth_map>
  <depth_map camera_id="37" level="1" path="1/d37.exr">
    <calibration type="frame">
      <resolution width="504" height="378"/>
      <f>395.48668788832759</f>
      <cx>4.5095058877863039</cx>
      <cy>-1.6495126196148249</cy>
    </calibration>
  </depth_map>
  <depth_map camera_id="37" level="2" path="2/d37.exr">
    <calibration type="frame">
      <resolution width="252" height="189"/>
      <f>197.7433439441638</f>
      <cx>2.254752943893152</cx>
      <cy>-0.82475630980741244</cy>
    </calibration>
  </depth_map>
  <depth_map camera_id="38" level="0" path="0/d38.exr">
    <calibration type="frame">
      <resolution width="1008" height="756"/>
      <f>790.97337577665519</f>
      <cx>9.0190117755726078</cx>
      <cy>-3.2990252392296497</cy>
    </calibration>
  </depth_map>
  <depth_map camera_id="38" level="1" path="1/d38.exr">
    <calibration type="frame">
      <resolution width="504" height="378"/>
      <f>395.48668788832759</f>
      <cx>4.5095058877863039</cx>
      <cy>-1.6495126196148249</cy>
    </calibration>
  </depth_map>
  <depth_map camera_id="38" level="2" path="2/d38.exr">
    <calibration type="frame">
      <resolution width="252" height="189"/>
      <f>197.7433439441638</f>
      <cx>2.254752943893152</cx>
      <cy>-0.82475630980741244</cy>
    </calibration>
  </depth_map>
  <depth_map camera_id="39" level="0" path="0/d39.exr">
    <calibration type="frame">
      <resolution width="1008" height="756"/>
      <f>790.97337577665519</f>
      <cx>9.0190117755726078</cx>
      <cy>-3.2990252392296497</cy>
    </calibration>
  </depth_map>
  <depth_map camera_id="39" level="1" path="1/d39.exr">
    <calibration type="frame">
      <resolution width="504" height="378"/>
      <f>395.48668788832759</f>
      <cx>4.5095058877863039</cx>
      <cy>-1.6495126196148249</cy>
    </calibration>
  </depth_map>
  <depth_map camera_id="39" level="2" path="2/d39.exr">
    <calibration type="frame">
      <resolution width="252" height="189"/>
      <f>197.7433439441638</f>
      <cx>2.254752943893152</cx>
      <cy>-0.82475630980741244</cy>
    </calibration>
  </depth_map>
</depth_maps>
