<?xml version="1.0" encoding="UTF-8"?>
<frame version="1.2.0">
  <cameras>
    <camera camera_id="0">
      <photo path="../../../../Downloads/spiderman pics/IMG_1066.JPG">
        <meta>
          <property name="Exif/ApertureValue" value="1.69599"/>
          <property name="Exif/DateTime" value="2022:04:05 13:49:06"/>
          <property name="Exif/DateTimeOriginal" value="2022:04:05 13:49:06"/>
          <property name="Exif/ExposureTime" value="0.00833333"/>
          <property name="Exif/FNumber" value="1.8"/>
          <property name="Exif/FocalLength" value="4.25"/>
          <property name="Exif/FocalLengthIn35mmFilm" value="26"/>
          <property name="Exif/GPSAltitude" value="101.992775041051"/>
          <property name="Exif/GPSImgDirection" value="190.118560915781"/>
          <property name="Exif/GPSLatitude" value="38.9450527777778"/>
          <property name="Exif/GPSLongitude" value="-77.0954222222222"/>
          <property name="Exif/ISOSpeedRatings" value="80"/>
          <property name="Exif/LensMake" value="Apple"/>
          <property name="Exif/LensModel" value="iPhone 11 back dual wide camera 4.25mm f/1.8"/>
          <property name="Exif/Make" value="Apple"/>
          <property name="Exif/Model" value="iPhone 11"/>
          <property name="Exif/Orientation" value="6"/>
          <property name="Exif/ShutterSpeedValue" value="6.90816"/>
          <property name="Exif/Software" value="15.4.1"/>
          <property name="File/ImageHeight" value="3024"/>
          <property name="File/ImageWidth" value="4032"/>
          <property name="System/FileModifyDate" value="2022:04:05 13:49:06"/>
          <property name="System/FileSize" value="3930384"/>
        </meta>
      </photo>
    </camera>
    <camera camera_id="1">
      <photo path="../../../../Downloads/spiderman pics/IMG_1067.JPG">
        <meta>
          <property name="Exif/ApertureValue" value="1.69599"/>
          <property name="Exif/DateTime" value="2022:04:05 13:49:08"/>
          <property name="Exif/DateTimeOriginal" value="2022:04:05 13:49:08"/>
          <property name="Exif/ExposureTime" value="0.00833333"/>
          <property name="Exif/FNumber" value="1.8"/>
          <property name="Exif/FocalLength" value="4.25"/>
          <property name="Exif/FocalLengthIn35mmFilm" value="26"/>
          <property name="Exif/GPSAltitude" value="101.992775041051"/>
          <property name="Exif/GPSImgDirection" value="191.930526800092"/>
          <property name="Exif/GPSLatitude" value="38.9450611111111"/>
          <property name="Exif/GPSLongitude" value="-77.0953916666667"/>
          <property name="Exif/ISOSpeedRatings" value="80"/>
          <property name="Exif/LensMake" value="Apple"/>
          <property name="Exif/LensModel" value="iPhone 11 back dual wide camera 4.25mm f/1.8"/>
          <property name="Exif/Make" value="Apple"/>
          <property name="Exif/Model" value="iPhone 11"/>
          <property name="Exif/Orientation" value="6"/>
          <property name="Exif/ShutterSpeedValue" value="6.90816"/>
          <property name="Exif/Software" value="15.4.1"/>
          <property name="File/ImageHeight" value="3024"/>
          <property name="File/ImageWidth" value="4032"/>
          <property name="System/FileModifyDate" value="2022:04:05 13:49:08"/>
          <property name="System/FileSize" value="3546590"/>
        </meta>
      </photo>
    </camera>
    <camera camera_id="2">
      <photo path="../../../../Downloads/spiderman pics/IMG_1068.JPG">
        <meta>
          <property name="Exif/ApertureValue" value="1.69599"/>
          <property name="Exif/DateTime" value="2022:04:05 13:49:09"/>
          <property name="Exif/DateTimeOriginal" value="2022:04:05 13:49:09"/>
          <property name="Exif/ExposureTime" value="0.00833333"/>
          <property name="Exif/FNumber" value="1.8"/>
          <property name="Exif/FocalLength" value="4.25"/>
          <property name="Exif/FocalLengthIn35mmFilm" value="26"/>
          <property name="Exif/GPSAltitude" value="101.992775041051"/>
          <property name="Exif/GPSImgDirection" value="201.690231362468"/>
          <property name="Exif/GPSLatitude" value="38.9450611111111"/>
          <property name="Exif/GPSLongitude" value="-77.0953916666667"/>
          <property name="Exif/ISOSpeedRatings" value="80"/>
          <property name="Exif/LensMake" value="Apple"/>
          <property name="Exif/LensModel" value="iPhone 11 back dual wide camera 4.25mm f/1.8"/>
          <property name="Exif/Make" value="Apple"/>
          <property name="Exif/Model" value="iPhone 11"/>
          <property name="Exif/Orientation" value="6"/>
          <property name="Exif/ShutterSpeedValue" value="6.90816"/>
          <property name="Exif/Software" value="15.4.1"/>
          <property name="File/ImageHeight" value="3024"/>
          <property name="File/ImageWidth" value="4032"/>
          <property name="System/FileModifyDate" value="2022:04:05 13:49:09"/>
          <property name="System/FileSize" value="3872535"/>
        </meta>
      </photo>
    </camera>
    <camera camera_id="3">
      <photo path="../../../../Downloads/spiderman pics/IMG_1069.JPG">
        <meta>
          <property name="Exif/ApertureValue" value="1.69599"/>
          <property name="Exif/DateTime" value="2022:04:05 13:49:11"/>
          <property name="Exif/DateTimeOriginal" value="2022:04:05 13:49:11"/>
          <property name="Exif/ExposureTime" value="0.00833333"/>
          <property name="Exif/FNumber" value="1.8"/>
          <property name="Exif/FocalLength" value="4.25"/>
          <property name="Exif/FocalLengthIn35mmFilm" value="26"/>
          <property name="Exif/GPSAltitude" value="101.992775041051"/>
          <property name="Exif/GPSImgDirection" value="202.531570426336"/>
          <property name="Exif/GPSLatitude" value="38.9450611111111"/>
          <property name="Exif/GPSLongitude" value="-77.0953916666667"/>
          <property name="Exif/ISOSpeedRatings" value="80"/>
          <property name="Exif/LensMake" value="Apple"/>
          <property name="Exif/LensModel" value="iPhone 11 back dual wide camera 4.25mm f/1.8"/>
          <property name="Exif/Make" value="Apple"/>
          <property name="Exif/Model" value="iPhone 11"/>
          <property name="Exif/Orientation" value="6"/>
          <property name="Exif/ShutterSpeedValue" value="6.90816"/>
          <property name="Exif/Software" value="15.4.1"/>
          <property name="File/ImageHeight" value="3024"/>
          <property name="File/ImageWidth" value="4032"/>
          <property name="System/FileModifyDate" value="2022:04:05 13:49:11"/>
          <property name="System/FileSize" value="3989508"/>
        </meta>
      </photo>
    </camera>
    <camera camera_id="4">
      <photo path="../../../../Downloads/spiderman pics/IMG_1070.JPG">
        <meta>
          <property name="Exif/ApertureValue" value="1.69599"/>
          <property name="Exif/DateTime" value="2022:04:05 13:49:12"/>
          <property name="Exif/DateTimeOriginal" value="2022:04:05 13:49:12"/>
          <property name="Exif/ExposureTime" value="0.00833333"/>
          <property name="Exif/FNumber" value="1.8"/>
          <property name="Exif/FocalLength" value="4.25"/>
          <property name="Exif/FocalLengthIn35mmFilm" value="26"/>
          <property name="Exif/GPSAltitude" value="101.992775041051"/>
          <property name="Exif/GPSImgDirection" value="191.178954903364"/>
          <property name="Exif/GPSLatitude" value="38.9450611111111"/>
          <property name="Exif/GPSLongitude" value="-77.0953916666667"/>
          <property name="Exif/ISOSpeedRatings" value="80"/>
          <property name="Exif/LensMake" value="Apple"/>
          <property name="Exif/LensModel" value="iPhone 11 back dual wide camera 4.25mm f/1.8"/>
          <property name="Exif/Make" value="Apple"/>
          <property name="Exif/Model" value="iPhone 11"/>
          <property name="Exif/Orientation" value="6"/>
          <property name="Exif/ShutterSpeedValue" value="6.90816"/>
          <property name="Exif/Software" value="15.4.1"/>
          <property name="File/ImageHeight" value="3024"/>
          <property name="File/ImageWidth" value="4032"/>
          <property name="System/FileModifyDate" value="2022:04:05 13:49:12"/>
          <property name="System/FileSize" value="3917817"/>
        </meta>
      </photo>
    </camera>
    <camera camera_id="5">
      <photo path="../../../../Downloads/spiderman pics/IMG_1071.JPG">
        <meta>
          <property name="Exif/ApertureValue" value="1.69599"/>
          <property name="Exif/DateTime" value="2022:04:05 13:49:14"/>
          <property name="Exif/DateTimeOriginal" value="2022:04:05 13:49:14"/>
          <property name="Exif/ExposureTime" value="0.00826446"/>
          <property name="Exif/FNumber" value="1.8"/>
          <property name="Exif/FocalLength" value="4.25"/>
          <property name="Exif/FocalLengthIn35mmFilm" value="26"/>
          <property name="Exif/GPSAltitude" value="101.992775041051"/>
          <property name="Exif/GPSImgDirection" value="173.990707279298"/>
          <property name="Exif/GPSLatitude" value="38.9450527777778"/>
          <property name="Exif/GPSLongitude" value="-77.0954361111111"/>
          <property name="Exif/ISOSpeedRatings" value="80"/>
          <property name="Exif/LensMake" value="Apple"/>
          <property name="Exif/LensModel" value="iPhone 11 back dual wide camera 4.25mm f/1.8"/>
          <property name="Exif/Make" value="Apple"/>
          <property name="Exif/Model" value="iPhone 11"/>
          <property name="Exif/Orientation" value="6"/>
          <property name="Exif/ShutterSpeedValue" value="6.92454"/>
          <property name="Exif/Software" value="15.4.1"/>
          <property name="File/ImageHeight" value="3024"/>
          <property name="File/ImageWidth" value="4032"/>
          <property name="System/FileModifyDate" value="2022:04:05 13:49:14"/>
          <property name="System/FileSize" value="3945054"/>
        </meta>
      </photo>
    </camera>
    <camera camera_id="6">
      <photo path="../../../../Downloads/spiderman pics/IMG_1072.JPG">
        <meta>
          <property name="Exif/ApertureValue" value="1.69599"/>
          <property name="Exif/DateTime" value="2022:04:05 13:49:16"/>
          <property name="Exif/DateTimeOriginal" value="2022:04:05 13:49:16"/>
          <property name="Exif/ExposureTime" value="0.00826446"/>
          <property name="Exif/FNumber" value="1.8"/>
          <property name="Exif/FocalLength" value="4.25"/>
          <property name="Exif/FocalLengthIn35mmFilm" value="26"/>
          <property name="Exif/GPSAltitude" value="101.992775041051"/>
          <property name="Exif/GPSImgDirection" value="155.328445411846"/>
          <property name="Exif/GPSLatitude" value="38.9450527777778"/>
          <property name="Exif/GPSLongitude" value="-77.0954361111111"/>
          <property name="Exif/ISOSpeedRatings" value="100"/>
          <property name="Exif/LensMake" value="Apple"/>
          <property name="Exif/LensModel" value="iPhone 11 back dual wide camera 4.25mm f/1.8"/>
          <property name="Exif/Make" value="Apple"/>
          <property name="Exif/Model" value="iPhone 11"/>
          <property name="Exif/Orientation" value="6"/>
          <property name="Exif/ShutterSpeedValue" value="6.92454"/>
          <property name="Exif/Software" value="15.4.1"/>
          <property name="File/ImageHeight" value="3024"/>
          <property name="File/ImageWidth" value="4032"/>
          <property name="System/FileModifyDate" value="2022:04:05 13:49:16"/>
          <property name="System/FileSize" value="4183213"/>
        </meta>
      </photo>
    </camera>
    <camera camera_id="7">
      <photo path="../../../../Downloads/spiderman pics/IMG_1073.JPG">
        <meta>
          <property name="Exif/ApertureValue" value="1.69599"/>
          <property name="Exif/DateTime" value="2022:04:05 13:49:18"/>
          <property name="Exif/DateTimeOriginal" value="2022:04:05 13:49:18"/>
          <property name="Exif/ExposureTime" value="0.00826446"/>
          <property name="Exif/FNumber" value="1.8"/>
          <property name="Exif/FocalLength" value="4.25"/>
          <property name="Exif/FocalLengthIn35mmFilm" value="26"/>
          <property name="Exif/GPSAltitude" value="101.992775041051"/>
          <property name="Exif/GPSImgDirection" value="138.113601630158"/>
          <property name="Exif/GPSLatitude" value="38.9450527777778"/>
          <property name="Exif/GPSLongitude" value="-77.0954361111111"/>
          <property name="Exif/ISOSpeedRatings" value="100"/>
          <property name="Exif/LensMake" value="Apple"/>
          <property name="Exif/LensModel" value="iPhone 11 back dual wide camera 4.25mm f/1.8"/>
          <property name="Exif/Make" value="Apple"/>
          <property name="Exif/Model" value="iPhone 11"/>
          <property name="Exif/Orientation" value="6"/>
          <property name="Exif/ShutterSpeedValue" value="6.92454"/>
          <property name="Exif/Software" value="15.4.1"/>
          <property name="File/ImageHeight" value="3024"/>
          <property name="File/ImageWidth" value="4032"/>
          <property name="System/FileModifyDate" value="2022:04:05 13:49:18"/>
          <property name="System/FileSize" value="4015916"/>
        </meta>
      </photo>
    </camera>
    <camera camera_id="8">
      <photo path="../../../../Downloads/spiderman pics/IMG_1074.JPG">
        <meta>
          <property name="Exif/ApertureValue" value="1.69599"/>
          <property name="Exif/DateTime" value="2022:04:05 13:49:20"/>
          <property name="Exif/DateTimeOriginal" value="2022:04:05 13:49:20"/>
          <property name="Exif/ExposureTime" value="0.00819672"/>
          <property name="Exif/FNumber" value="1.8"/>
          <property name="Exif/FocalLength" value="4.25"/>
          <property name="Exif/FocalLengthIn35mmFilm" value="26"/>
          <property name="Exif/GPSAltitude" value="101.992775041051"/>
          <property name="Exif/GPSImgDirection" value="133.272216796875"/>
          <property name="Exif/GPSLatitude" value="38.9450777777778"/>
          <property name="Exif/GPSLongitude" value="-77.0953833333333"/>
          <property name="Exif/ISOSpeedRatings" value="80"/>
          <property name="Exif/LensMake" value="Apple"/>
          <property name="Exif/LensModel" value="iPhone 11 back dual wide camera 4.25mm f/1.8"/>
          <property name="Exif/Make" value="Apple"/>
          <property name="Exif/Model" value="iPhone 11"/>
          <property name="Exif/Orientation" value="6"/>
          <property name="Exif/ShutterSpeedValue" value="6.92612"/>
          <property name="Exif/Software" value="15.4.1"/>
          <property name="File/ImageHeight" value="3024"/>
          <property name="File/ImageWidth" value="4032"/>
          <property name="System/FileModifyDate" value="2022:04:05 13:49:20"/>
          <property name="System/FileSize" value="4514234"/>
        </meta>
      </photo>
    </camera>
    <camera camera_id="9">
      <photo path="../../../../Downloads/spiderman pics/IMG_1075.JPG">
        <meta>
          <property name="Exif/ApertureValue" value="1.69599"/>
          <property name="Exif/DateTime" value="2022:04:05 13:49:21"/>
          <property name="Exif/DateTimeOriginal" value="2022:04:05 13:49:21"/>
          <property name="Exif/ExposureTime" value="0.00826446"/>
          <property name="Exif/FNumber" value="1.8"/>
          <property name="Exif/FocalLength" value="4.25"/>
          <property name="Exif/FocalLengthIn35mmFilm" value="26"/>
          <property name="Exif/GPSAltitude" value="101.992775041051"/>
          <property name="Exif/GPSImgDirection" value="129.434265010352"/>
          <property name="Exif/GPSLatitude" value="38.9450777777778"/>
          <property name="Exif/GPSLongitude" value="-77.0953833333333"/>
          <property name="Exif/ISOSpeedRatings" value="100"/>
          <property name="Exif/LensMake" value="Apple"/>
          <property name="Exif/LensModel" value="iPhone 11 back dual wide camera 4.25mm f/1.8"/>
          <property name="Exif/Make" value="Apple"/>
          <property name="Exif/Model" value="iPhone 11"/>
          <property name="Exif/Orientation" value="6"/>
          <property name="Exif/ShutterSpeedValue" value="6.92454"/>
          <property name="Exif/Software" value="15.4.1"/>
          <property name="File/ImageHeight" value="3024"/>
          <property name="File/ImageWidth" value="4032"/>
          <property name="System/FileModifyDate" value="2022:04:05 13:49:21"/>
          <property name="System/FileSize" value="3833561"/>
        </meta>
      </photo>
    </camera>
    <camera camera_id="10">
      <photo path="../../../../Downloads/spiderman pics/IMG_1076.JPG">
        <meta>
          <property name="Exif/ApertureValue" value="1.69599"/>
          <property name="Exif/DateTime" value="2022:04:05 13:49:23"/>
          <property name="Exif/DateTimeOriginal" value="2022:04:05 13:49:23"/>
          <property name="Exif/ExposureTime" value="0.00826446"/>
          <property name="Exif/FNumber" value="1.8"/>
          <property name="Exif/FocalLength" value="4.25"/>
          <property name="Exif/FocalLengthIn35mmFilm" value="26"/>
          <property name="Exif/GPSAltitude" value="101.992775041051"/>
          <property name="Exif/GPSImgDirection" value="123.154243542435"/>
          <property name="Exif/GPSLatitude" value="38.9450777777778"/>
          <property name="Exif/GPSLongitude" value="-77.0953833333333"/>
          <property name="Exif/ISOSpeedRatings" value="100"/>
          <property name="Exif/LensMake" value="Apple"/>
          <property name="Exif/LensModel" value="iPhone 11 back dual wide camera 4.25mm f/1.8"/>
          <property name="Exif/Make" value="Apple"/>
          <property name="Exif/Model" value="iPhone 11"/>
          <property name="Exif/Orientation" value="6"/>
          <property name="Exif/ShutterSpeedValue" value="6.92454"/>
          <property name="Exif/Software" value="15.4.1"/>
          <property name="File/ImageHeight" value="3024"/>
          <property name="File/ImageWidth" value="4032"/>
          <property name="System/FileModifyDate" value="2022:04:05 13:49:23"/>
          <property name="System/FileSize" value="4131574"/>
        </meta>
      </photo>
    </camera>
    <camera camera_id="11">
      <photo path="../../../../Downloads/spiderman pics/IMG_1077.JPG">
        <meta>
          <property name="Exif/ApertureValue" value="1.69599"/>
          <property name="Exif/DateTime" value="2022:04:05 13:49:25"/>
          <property name="Exif/DateTimeOriginal" value="2022:04:05 13:49:25"/>
          <property name="Exif/ExposureTime" value="0.00826446"/>
          <property name="Exif/FNumber" value="1.8"/>
          <property name="Exif/FocalLength" value="4.25"/>
          <property name="Exif/FocalLengthIn35mmFilm" value="26"/>
          <property name="Exif/GPSAltitude" value="101.992775041051"/>
          <property name="Exif/GPSImgDirection" value="92.8963623884695"/>
          <property name="Exif/GPSLatitude" value="38.9450777777778"/>
          <property name="Exif/GPSLongitude" value="-77.0953833333333"/>
          <property name="Exif/ISOSpeedRatings" value="100"/>
          <property name="Exif/LensMake" value="Apple"/>
          <property name="Exif/LensModel" value="iPhone 11 back dual wide camera 4.25mm f/1.8"/>
          <property name="Exif/Make" value="Apple"/>
          <property name="Exif/Model" value="iPhone 11"/>
          <property name="Exif/Orientation" value="6"/>
          <property name="Exif/ShutterSpeedValue" value="6.92454"/>
          <property name="Exif/Software" value="15.4.1"/>
          <property name="File/ImageHeight" value="3024"/>
          <property name="File/ImageWidth" value="4032"/>
          <property name="System/FileModifyDate" value="2022:04:05 13:49:25"/>
          <property name="System/FileSize" value="4562227"/>
        </meta>
      </photo>
    </camera>
    <camera camera_id="12">
      <photo path="../../../../Downloads/spiderman pics/IMG_1078.JPG">
        <meta>
          <property name="Exif/ApertureValue" value="1.69599"/>
          <property name="Exif/DateTime" value="2022:04:05 13:49:26"/>
          <property name="Exif/DateTimeOriginal" value="2022:04:05 13:49:26"/>
          <property name="Exif/ExposureTime" value="0.00833333"/>
          <property name="Exif/FNumber" value="1.8"/>
          <property name="Exif/FocalLength" value="4.25"/>
          <property name="Exif/FocalLengthIn35mmFilm" value="26"/>
          <property name="Exif/GPSAltitude" value="101.992775041051"/>
          <property name="Exif/GPSImgDirection" value="91.3516922430103"/>
          <property name="Exif/GPSLatitude" value="38.9450777777778"/>
          <property name="Exif/GPSLongitude" value="-77.0953611111111"/>
          <property name="Exif/ISOSpeedRatings" value="125"/>
          <property name="Exif/LensMake" value="Apple"/>
          <property name="Exif/LensModel" value="iPhone 11 back dual wide camera 4.25mm f/1.8"/>
          <property name="Exif/Make" value="Apple"/>
          <property name="Exif/Model" value="iPhone 11"/>
          <property name="Exif/Orientation" value="6"/>
          <property name="Exif/ShutterSpeedValue" value="6.90505"/>
          <property name="Exif/Software" value="15.4.1"/>
          <property name="File/ImageHeight" value="3024"/>
          <property name="File/ImageWidth" value="4032"/>
          <property name="System/FileModifyDate" value="2022:04:05 13:49:26"/>
          <property name="System/FileSize" value="4450200"/>
        </meta>
      </photo>
    </camera>
    <camera camera_id="13">
      <photo path="../../../../Downloads/spiderman pics/IMG_1079.JPG">
        <meta>
          <property name="Exif/ApertureValue" value="1.69599"/>
          <property name="Exif/DateTime" value="2022:04:05 13:49:27"/>
          <property name="Exif/DateTimeOriginal" value="2022:04:05 13:49:27"/>
          <property name="Exif/ExposureTime" value="0.00826446"/>
          <property name="Exif/FNumber" value="1.8"/>
          <property name="Exif/FocalLength" value="4.25"/>
          <property name="Exif/FocalLengthIn35mmFilm" value="26"/>
          <property name="Exif/GPSAltitude" value="101.992775041051"/>
          <property name="Exif/GPSImgDirection" value="97.9998473981383"/>
          <property name="Exif/GPSLatitude" value="38.9450777777778"/>
          <property name="Exif/GPSLongitude" value="-77.0953611111111"/>
          <property name="Exif/ISOSpeedRatings" value="125"/>
          <property name="Exif/LensMake" value="Apple"/>
          <property name="Exif/LensModel" value="iPhone 11 back dual wide camera 4.25mm f/1.8"/>
          <property name="Exif/Make" value="Apple"/>
          <property name="Exif/Model" value="iPhone 11"/>
          <property name="Exif/Orientation" value="6"/>
          <property name="Exif/ShutterSpeedValue" value="6.92454"/>
          <property name="Exif/Software" value="15.4.1"/>
          <property name="File/ImageHeight" value="3024"/>
          <property name="File/ImageWidth" value="4032"/>
          <property name="System/FileModifyDate" value="2022:04:05 13:49:28"/>
          <property name="System/FileSize" value="4432491"/>
        </meta>
      </photo>
    </camera>
    <camera camera_id="14">
      <photo path="../../../../Downloads/spiderman pics/IMG_1080.JPG">
        <meta>
          <property name="Exif/ApertureValue" value="1.69599"/>
          <property name="Exif/DateTime" value="2022:04:05 13:49:29"/>
          <property name="Exif/DateTimeOriginal" value="2022:04:05 13:49:29"/>
          <property name="Exif/ExposureTime" value="0.00826446"/>
          <property name="Exif/FNumber" value="1.8"/>
          <property name="Exif/FocalLength" value="4.25"/>
          <property name="Exif/FocalLengthIn35mmFilm" value="26"/>
          <property name="Exif/GPSAltitude" value="101.992775041051"/>
          <property name="Exif/GPSImgDirection" value="98.4447022428461"/>
          <property name="Exif/GPSLatitude" value="38.9450777777778"/>
          <property name="Exif/GPSLongitude" value="-77.0953611111111"/>
          <property name="Exif/ISOSpeedRatings" value="125"/>
          <property name="Exif/LensMake" value="Apple"/>
          <property name="Exif/LensModel" value="iPhone 11 back dual wide camera 4.25mm f/1.8"/>
          <property name="Exif/Make" value="Apple"/>
          <property name="Exif/Model" value="iPhone 11"/>
          <property name="Exif/Orientation" value="6"/>
          <property name="Exif/ShutterSpeedValue" value="6.92454"/>
          <property name="Exif/Software" value="15.4.1"/>
          <property name="File/ImageHeight" value="3024"/>
          <property name="File/ImageWidth" value="4032"/>
          <property name="System/FileModifyDate" value="2022:04:05 13:49:29"/>
          <property name="System/FileSize" value="4379608"/>
        </meta>
      </photo>
    </camera>
    <camera camera_id="15">
      <photo path="../../../../Downloads/spiderman pics/IMG_1081.JPG">
        <meta>
          <property name="Exif/ApertureValue" value="1.69599"/>
          <property name="Exif/DateTime" value="2022:04:05 13:49:32"/>
          <property name="Exif/DateTimeOriginal" value="2022:04:05 13:49:32"/>
          <property name="Exif/ExposureTime" value="0.0106383"/>
          <property name="Exif/FNumber" value="1.8"/>
          <property name="Exif/FocalLength" value="4.25"/>
          <property name="Exif/FocalLengthIn35mmFilm" value="26"/>
          <property name="Exif/GPSAltitude" value="101.992775041051"/>
          <property name="Exif/GPSImgDirection" value="59.4975890985325"/>
          <property name="Exif/GPSLatitude" value="38.9450638888889"/>
          <property name="Exif/GPSLongitude" value="-77.0953527777778"/>
          <property name="Exif/ISOSpeedRatings" value="125"/>
          <property name="Exif/LensMake" value="Apple"/>
          <property name="Exif/LensModel" value="iPhone 11 back dual wide camera 4.25mm f/1.8"/>
          <property name="Exif/Make" value="Apple"/>
          <property name="Exif/Model" value="iPhone 11"/>
          <property name="Exif/Orientation" value="6"/>
          <property name="Exif/ShutterSpeedValue" value="6.56156"/>
          <property name="Exif/Software" value="15.4.1"/>
          <property name="File/ImageHeight" value="3024"/>
          <property name="File/ImageWidth" value="4032"/>
          <property name="System/FileModifyDate" value="2022:04:05 13:50:12"/>
          <property name="System/FileSize" value="4223241"/>
        </meta>
      </photo>
    </camera>
    <camera camera_id="16">
      <photo path="../../../../Downloads/spiderman pics/IMG_1082.JPG">
        <meta>
          <property name="Exif/ApertureValue" value="1.69599"/>
          <property name="Exif/DateTime" value="2022:04:05 13:49:32"/>
          <property name="Exif/DateTimeOriginal" value="2022:04:05 13:49:32"/>
          <property name="Exif/ExposureTime" value="0.0108696"/>
          <property name="Exif/FNumber" value="1.8"/>
          <property name="Exif/FocalLength" value="4.25"/>
          <property name="Exif/FocalLengthIn35mmFilm" value="26"/>
          <property name="Exif/GPSAltitude" value="101.992775041051"/>
          <property name="Exif/GPSImgDirection" value="56.3490905646078"/>
          <property name="Exif/GPSLatitude" value="38.9450638888889"/>
          <property name="Exif/GPSLongitude" value="-77.0953527777778"/>
          <property name="Exif/ISOSpeedRatings" value="125"/>
          <property name="Exif/LensMake" value="Apple"/>
          <property name="Exif/LensModel" value="iPhone 11 back dual wide camera 4.25mm f/1.8"/>
          <property name="Exif/Make" value="Apple"/>
          <property name="Exif/Model" value="iPhone 11"/>
          <property name="Exif/Orientation" value="6"/>
          <property name="Exif/ShutterSpeedValue" value="6.52443"/>
          <property name="Exif/Software" value="15.4.1"/>
          <property name="File/ImageHeight" value="3024"/>
          <property name="File/ImageWidth" value="4032"/>
          <property name="System/FileModifyDate" value="2022:04:05 13:50:15"/>
          <property name="System/FileSize" value="3941159"/>
        </meta>
      </photo>
    </camera>
    <camera camera_id="17">
      <photo path="../../../../Downloads/spiderman pics/IMG_1083.JPG">
        <meta>
          <property name="Exif/ApertureValue" value="1.69599"/>
          <property name="Exif/DateTime" value="2022:04:05 13:49:34"/>
          <property name="Exif/DateTimeOriginal" value="2022:04:05 13:49:34"/>
          <property name="Exif/ExposureTime" value="0.00970874"/>
          <property name="Exif/FNumber" value="1.8"/>
          <property name="Exif/FocalLength" value="4.25"/>
          <property name="Exif/FocalLengthIn35mmFilm" value="26"/>
          <property name="Exif/GPSAltitude" value="101.992775041051"/>
          <property name="Exif/GPSImgDirection" value="57.6380768301522"/>
          <property name="Exif/GPSLatitude" value="38.9450638888889"/>
          <property name="Exif/GPSLongitude" value="-77.0953527777778"/>
          <property name="Exif/ISOSpeedRatings" value="125"/>
          <property name="Exif/LensMake" value="Apple"/>
          <property name="Exif/LensModel" value="iPhone 11 back dual wide camera 4.25mm f/1.8"/>
          <property name="Exif/Make" value="Apple"/>
          <property name="Exif/Model" value="iPhone 11"/>
          <property name="Exif/Orientation" value="6"/>
          <property name="Exif/ShutterSpeedValue" value="6.69063"/>
          <property name="Exif/Software" value="15.4.1"/>
          <property name="File/ImageHeight" value="3024"/>
          <property name="File/ImageWidth" value="4032"/>
          <property name="System/FileModifyDate" value="2022:04:05 13:49:34"/>
          <property name="System/FileSize" value="3875636"/>
        </meta>
      </photo>
    </camera>
    <camera camera_id="18">
      <photo path="../../../../Downloads/spiderman pics/IMG_1084.JPG">
        <meta>
          <property name="Exif/ApertureValue" value="1.69599"/>
          <property name="Exif/DateTime" value="2022:04:05 13:49:35"/>
          <property name="Exif/DateTimeOriginal" value="2022:04:05 13:49:35"/>
          <property name="Exif/ExposureTime" value="0.00826446"/>
          <property name="Exif/FNumber" value="1.8"/>
          <property name="Exif/FocalLength" value="4.25"/>
          <property name="Exif/FocalLengthIn35mmFilm" value="26"/>
          <property name="Exif/GPSAltitude" value="101.992775041051"/>
          <property name="Exif/GPSImgDirection" value="59.0989303563922"/>
          <property name="Exif/GPSLatitude" value="38.9450638888889"/>
          <property name="Exif/GPSLongitude" value="-77.0953527777778"/>
          <property name="Exif/ISOSpeedRatings" value="100"/>
          <property name="Exif/LensMake" value="Apple"/>
          <property name="Exif/LensModel" value="iPhone 11 back dual wide camera 4.25mm f/1.8"/>
          <property name="Exif/Make" value="Apple"/>
          <property name="Exif/Model" value="iPhone 11"/>
          <property name="Exif/Orientation" value="6"/>
          <property name="Exif/ShutterSpeedValue" value="6.92454"/>
          <property name="Exif/Software" value="15.4.1"/>
          <property name="File/ImageHeight" value="3024"/>
          <property name="File/ImageWidth" value="4032"/>
          <property name="System/FileModifyDate" value="2022:04:05 13:49:35"/>
          <property name="System/FileSize" value="3928829"/>
        </meta>
      </photo>
    </camera>
    <camera camera_id="19">
      <photo path="../../../../Downloads/spiderman pics/IMG_1085.JPG">
        <meta>
          <property name="Exif/ApertureValue" value="1.69599"/>
          <property name="Exif/DateTime" value="2022:04:05 13:49:37"/>
          <property name="Exif/DateTimeOriginal" value="2022:04:05 13:49:37"/>
          <property name="Exif/ExposureTime" value="0.010101"/>
          <property name="Exif/FNumber" value="1.8"/>
          <property name="Exif/FocalLength" value="4.25"/>
          <property name="Exif/FocalLengthIn35mmFilm" value="26"/>
          <property name="Exif/GPSAltitude" value="101.992775041051"/>
          <property name="Exif/GPSImgDirection" value="20.8707961833255"/>
          <property name="Exif/GPSLatitude" value="38.9450416666667"/>
          <property name="Exif/GPSLongitude" value="-77.0954666666667"/>
          <property name="Exif/ISOSpeedRatings" value="125"/>
          <property name="Exif/LensMake" value="Apple"/>
          <property name="Exif/LensModel" value="iPhone 11 back dual wide camera 4.25mm f/1.8"/>
          <property name="Exif/Make" value="Apple"/>
          <property name="Exif/Model" value="iPhone 11"/>
          <property name="Exif/Orientation" value="6"/>
          <property name="Exif/ShutterSpeedValue" value="6.6315"/>
          <property name="Exif/Software" value="15.4.1"/>
          <property name="File/ImageHeight" value="3024"/>
          <property name="File/ImageWidth" value="4032"/>
          <property name="System/FileModifyDate" value="2022:04:05 13:50:18"/>
          <property name="System/FileSize" value="3717098"/>
        </meta>
      </photo>
    </camera>
    <camera camera_id="20">
      <photo path="../../../../Downloads/spiderman pics/IMG_1086.JPG">
        <meta>
          <property name="Exif/ApertureValue" value="1.69599"/>
          <property name="Exif/DateTime" value="2022:04:05 13:49:38"/>
          <property name="Exif/DateTimeOriginal" value="2022:04:05 13:49:38"/>
          <property name="Exif/ExposureTime" value="0.0119048"/>
          <property name="Exif/FNumber" value="1.8"/>
          <property name="Exif/FocalLength" value="4.25"/>
          <property name="Exif/FocalLengthIn35mmFilm" value="26"/>
          <property name="Exif/GPSAltitude" value="101.992775041051"/>
          <property name="Exif/GPSImgDirection" value="22.736282330191"/>
          <property name="Exif/GPSLatitude" value="38.9450416666667"/>
          <property name="Exif/GPSLongitude" value="-77.0954666666667"/>
          <property name="Exif/ISOSpeedRatings" value="125"/>
          <property name="Exif/LensMake" value="Apple"/>
          <property name="Exif/LensModel" value="iPhone 11 back dual wide camera 4.25mm f/1.8"/>
          <property name="Exif/Make" value="Apple"/>
          <property name="Exif/Model" value="iPhone 11"/>
          <property name="Exif/Orientation" value="6"/>
          <property name="Exif/ShutterSpeedValue" value="6.3889"/>
          <property name="Exif/Software" value="15.4.1"/>
          <property name="File/ImageHeight" value="3024"/>
          <property name="File/ImageWidth" value="4032"/>
          <property name="System/FileModifyDate" value="2022:04:05 13:50:21"/>
          <property name="System/FileSize" value="4225541"/>
        </meta>
      </photo>
    </camera>
    <camera camera_id="21">
      <photo path="../../../../Downloads/spiderman pics/IMG_1087.JPG">
        <meta>
          <property name="Exif/ApertureValue" value="1.69599"/>
          <property name="Exif/DateTime" value="2022:04:05 13:49:40"/>
          <property name="Exif/DateTimeOriginal" value="2022:04:05 13:49:40"/>
          <property name="Exif/ExposureTime" value="0.0136986"/>
          <property name="Exif/FNumber" value="1.8"/>
          <property name="Exif/FocalLength" value="4.25"/>
          <property name="Exif/FocalLengthIn35mmFilm" value="26"/>
          <property name="Exif/GPSAltitude" value="101.992775041051"/>
          <property name="Exif/GPSImgDirection" value="25.7779846404468"/>
          <property name="Exif/GPSLatitude" value="38.9450416666667"/>
          <property name="Exif/GPSLongitude" value="-77.0954666666667"/>
          <property name="Exif/ISOSpeedRatings" value="125"/>
          <property name="Exif/LensMake" value="Apple"/>
          <property name="Exif/LensModel" value="iPhone 11 back dual wide camera 4.25mm f/1.8"/>
          <property name="Exif/Make" value="Apple"/>
          <property name="Exif/Model" value="iPhone 11"/>
          <property name="Exif/Orientation" value="6"/>
          <property name="Exif/ShutterSpeedValue" value="6.18768"/>
          <property name="Exif/Software" value="15.4.1"/>
          <property name="File/ImageHeight" value="3024"/>
          <property name="File/ImageWidth" value="4032"/>
          <property name="System/FileModifyDate" value="2022:04:05 13:50:24"/>
          <property name="System/FileSize" value="3893291"/>
        </meta>
      </photo>
    </camera>
    <camera camera_id="22">
      <photo path="../../../../Downloads/spiderman pics/IMG_1088.JPG">
        <meta>
          <property name="Exif/ApertureValue" value="1.69599"/>
          <property name="Exif/DateTime" value="2022:04:05 13:49:43"/>
          <property name="Exif/DateTimeOriginal" value="2022:04:05 13:49:43"/>
          <property name="Exif/ExposureTime" value="0.0120482"/>
          <property name="Exif/FNumber" value="1.8"/>
          <property name="Exif/FocalLength" value="4.25"/>
          <property name="Exif/FocalLengthIn35mmFilm" value="26"/>
          <property name="Exif/GPSAltitude" value="101.992775041051"/>
          <property name="Exif/GPSImgDirection" value="346.690704225352"/>
          <property name="Exif/GPSLatitude" value="38.9450805555555"/>
          <property name="Exif/GPSLongitude" value="-77.0953666666667"/>
          <property name="Exif/ISOSpeedRatings" value="125"/>
          <property name="Exif/LensMake" value="Apple"/>
          <property name="Exif/LensModel" value="iPhone 11 back dual wide camera 4.25mm f/1.8"/>
          <property name="Exif/Make" value="Apple"/>
          <property name="Exif/Model" value="iPhone 11"/>
          <property name="Exif/Orientation" value="6"/>
          <property name="Exif/ShutterSpeedValue" value="6.37542"/>
          <property name="Exif/Software" value="15.4.1"/>
          <property name="File/ImageHeight" value="3024"/>
          <property name="File/ImageWidth" value="4032"/>
          <property name="System/FileModifyDate" value="2022:04:05 13:50:27"/>
          <property name="System/FileSize" value="4001550"/>
        </meta>
      </photo>
    </camera>
    <camera camera_id="23">
      <photo path="../../../../Downloads/spiderman pics/IMG_1089.JPG">
        <meta>
          <property name="Exif/ApertureValue" value="1.69599"/>
          <property name="Exif/DateTime" value="2022:04:05 13:49:44"/>
          <property name="Exif/DateTimeOriginal" value="2022:04:05 13:49:44"/>
          <property name="Exif/ExposureTime" value="0.00900901"/>
          <property name="Exif/FNumber" value="1.8"/>
          <property name="Exif/FocalLength" value="4.25"/>
          <property name="Exif/FocalLengthIn35mmFilm" value="26"/>
          <property name="Exif/GPSAltitude" value="101.992775041051"/>
          <property name="Exif/GPSImgDirection" value="344.877777097742"/>
          <property name="Exif/GPSLatitude" value="38.9450805555555"/>
          <property name="Exif/GPSLongitude" value="-77.0953666666667"/>
          <property name="Exif/ISOSpeedRatings" value="125"/>
          <property name="Exif/LensMake" value="Apple"/>
          <property name="Exif/LensModel" value="iPhone 11 back dual wide camera 4.25mm f/1.8"/>
          <property name="Exif/Make" value="Apple"/>
          <property name="Exif/Model" value="iPhone 11"/>
          <property name="Exif/Orientation" value="6"/>
          <property name="Exif/ShutterSpeedValue" value="6.7973"/>
          <property name="Exif/Software" value="15.4.1"/>
          <property name="File/ImageHeight" value="3024"/>
          <property name="File/ImageWidth" value="4032"/>
          <property name="System/FileModifyDate" value="2022:04:05 13:49:44"/>
          <property name="System/FileSize" value="4100644"/>
        </meta>
      </photo>
    </camera>
    <camera camera_id="24">
      <photo path="../../../../Downloads/spiderman pics/IMG_1090.JPG">
        <meta>
          <property name="Exif/ApertureValue" value="1.69599"/>
          <property name="Exif/DateTime" value="2022:04:05 13:49:46"/>
          <property name="Exif/DateTimeOriginal" value="2022:04:05 13:49:46"/>
          <property name="Exif/ExposureTime" value="0.00826446"/>
          <property name="Exif/FNumber" value="1.8"/>
          <property name="Exif/FocalLength" value="4.25"/>
          <property name="Exif/FocalLengthIn35mmFilm" value="26"/>
          <property name="Exif/GPSAltitude" value="101.992775041051"/>
          <property name="Exif/GPSImgDirection" value="344.140655577299"/>
          <property name="Exif/GPSLatitude" value="38.9450805555555"/>
          <property name="Exif/GPSLongitude" value="-77.0953666666667"/>
          <property name="Exif/ISOSpeedRatings" value="100"/>
          <property name="Exif/LensMake" value="Apple"/>
          <property name="Exif/LensModel" value="iPhone 11 back dual wide camera 4.25mm f/1.8"/>
          <property name="Exif/Make" value="Apple"/>
          <property name="Exif/Model" value="iPhone 11"/>
          <property name="Exif/Orientation" value="6"/>
          <property name="Exif/ShutterSpeedValue" value="6.92454"/>
          <property name="Exif/Software" value="15.4.1"/>
          <property name="File/ImageHeight" value="3024"/>
          <property name="File/ImageWidth" value="4032"/>
          <property name="System/FileModifyDate" value="2022:04:05 13:49:46"/>
          <property name="System/FileSize" value="4664097"/>
        </meta>
      </photo>
    </camera>
    <camera camera_id="25">
      <photo path="../../../../Downloads/spiderman pics/IMG_1091.JPG">
        <meta>
          <property name="Exif/ApertureValue" value="1.69599"/>
          <property name="Exif/DateTime" value="2022:04:05 13:49:49"/>
          <property name="Exif/DateTimeOriginal" value="2022:04:05 13:49:49"/>
          <property name="Exif/ExposureTime" value="0.00826446"/>
          <property name="Exif/FNumber" value="1.8"/>
          <property name="Exif/FocalLength" value="4.25"/>
          <property name="Exif/FocalLengthIn35mmFilm" value="26"/>
          <property name="Exif/GPSAltitude" value="101.992775041051"/>
          <property name="Exif/GPSImgDirection" value="301.702880658436"/>
          <property name="Exif/GPSLatitude" value="38.9451333333333"/>
          <property name="Exif/GPSLongitude" value="-77.0953055555556"/>
          <property name="Exif/ISOSpeedRatings" value="80"/>
          <property name="Exif/LensMake" value="Apple"/>
          <property name="Exif/LensModel" value="iPhone 11 back dual wide camera 4.25mm f/1.8"/>
          <property name="Exif/Make" value="Apple"/>
          <property name="Exif/Model" value="iPhone 11"/>
          <property name="Exif/Orientation" value="6"/>
          <property name="Exif/ShutterSpeedValue" value="6.92454"/>
          <property name="Exif/Software" value="15.4.1"/>
          <property name="File/ImageHeight" value="3024"/>
          <property name="File/ImageWidth" value="4032"/>
          <property name="System/FileModifyDate" value="2022:04:05 13:49:49"/>
          <property name="System/FileSize" value="4205671"/>
        </meta>
      </photo>
    </camera>
    <camera camera_id="26">
      <photo path="../../../../Downloads/spiderman pics/IMG_1092.JPG">
        <meta>
          <property name="Exif/ApertureValue" value="1.69599"/>
          <property name="Exif/DateTime" value="2022:04:05 13:49:50"/>
          <property name="Exif/DateTimeOriginal" value="2022:04:05 13:49:50"/>
          <property name="Exif/ExposureTime" value="0.00819672"/>
          <property name="Exif/FNumber" value="1.8"/>
          <property name="Exif/FocalLength" value="4.25"/>
          <property name="Exif/FocalLengthIn35mmFilm" value="26"/>
          <property name="Exif/GPSAltitude" value="101.992775041051"/>
          <property name="Exif/GPSImgDirection" value="301.629363940698"/>
          <property name="Exif/GPSLatitude" value="38.945125"/>
          <property name="Exif/GPSLongitude" value="-77.0953222222222"/>
          <property name="Exif/ISOSpeedRatings" value="100"/>
          <property name="Exif/LensMake" value="Apple"/>
          <property name="Exif/LensModel" value="iPhone 11 back dual wide camera 4.25mm f/1.8"/>
          <property name="Exif/Make" value="Apple"/>
          <property name="Exif/Model" value="iPhone 11"/>
          <property name="Exif/Orientation" value="6"/>
          <property name="Exif/ShutterSpeedValue" value="6.92612"/>
          <property name="Exif/Software" value="15.4.1"/>
          <property name="File/ImageHeight" value="3024"/>
          <property name="File/ImageWidth" value="4032"/>
          <property name="System/FileModifyDate" value="2022:04:05 13:49:50"/>
          <property name="System/FileSize" value="3790594"/>
        </meta>
      </photo>
    </camera>
    <camera camera_id="27">
      <photo path="../../../../Downloads/spiderman pics/IMG_1093.JPG">
        <meta>
          <property name="Exif/ApertureValue" value="1.69599"/>
          <property name="Exif/DateTime" value="2022:04:05 13:49:51"/>
          <property name="Exif/DateTimeOriginal" value="2022:04:05 13:49:51"/>
          <property name="Exif/ExposureTime" value="0.00826446"/>
          <property name="Exif/FNumber" value="1.8"/>
          <property name="Exif/FocalLength" value="4.25"/>
          <property name="Exif/FocalLengthIn35mmFilm" value="26"/>
          <property name="Exif/GPSAltitude" value="101.992775041051"/>
          <property name="Exif/GPSImgDirection" value="300.8564453125"/>
          <property name="Exif/GPSLatitude" value="38.945125"/>
          <property name="Exif/GPSLongitude" value="-77.0953222222222"/>
          <property name="Exif/ISOSpeedRatings" value="100"/>
          <property name="Exif/LensMake" value="Apple"/>
          <property name="Exif/LensModel" value="iPhone 11 back dual wide camera 4.25mm f/1.8"/>
          <property name="Exif/Make" value="Apple"/>
          <property name="Exif/Model" value="iPhone 11"/>
          <property name="Exif/Orientation" value="6"/>
          <property name="Exif/ShutterSpeedValue" value="6.92454"/>
          <property name="Exif/Software" value="15.4.1"/>
          <property name="File/ImageHeight" value="3024"/>
          <property name="File/ImageWidth" value="4032"/>
          <property name="System/FileModifyDate" value="2022:04:05 13:49:51"/>
          <property name="System/FileSize" value="3934881"/>
        </meta>
      </photo>
    </camera>
    <camera camera_id="28">
      <photo path="../../../../Downloads/spiderman pics/IMG_1094.JPG">
        <meta>
          <property name="Exif/ApertureValue" value="1.69599"/>
          <property name="Exif/DateTime" value="2022:04:05 13:49:53"/>
          <property name="Exif/DateTimeOriginal" value="2022:04:05 13:49:53"/>
          <property name="Exif/ExposureTime" value="0.00826446"/>
          <property name="Exif/FNumber" value="1.8"/>
          <property name="Exif/FocalLength" value="4.25"/>
          <property name="Exif/FocalLengthIn35mmFilm" value="26"/>
          <property name="Exif/GPSAltitude" value="101.992775041051"/>
          <property name="Exif/GPSImgDirection" value="300.178070175439"/>
          <property name="Exif/GPSLatitude" value="38.945125"/>
          <property name="Exif/GPSLongitude" value="-77.0953222222222"/>
          <property name="Exif/ISOSpeedRatings" value="125"/>
          <property name="Exif/LensMake" value="Apple"/>
          <property name="Exif/LensModel" value="iPhone 11 back dual wide camera 4.25mm f/1.8"/>
          <property name="Exif/Make" value="Apple"/>
          <property name="Exif/Model" value="iPhone 11"/>
          <property name="Exif/Orientation" value="6"/>
          <property name="Exif/ShutterSpeedValue" value="6.92454"/>
          <property name="Exif/Software" value="15.4.1"/>
          <property name="File/ImageHeight" value="3024"/>
          <property name="File/ImageWidth" value="4032"/>
          <property name="System/FileModifyDate" value="2022:04:05 13:49:53"/>
          <property name="System/FileSize" value="3693303"/>
        </meta>
      </photo>
    </camera>
    <camera camera_id="29">
      <photo path="../../../../Downloads/spiderman pics/IMG_1095.JPG">
        <meta>
          <property name="Exif/ApertureValue" value="1.69599"/>
          <property name="Exif/DateTime" value="2022:04:05 13:49:55"/>
          <property name="Exif/DateTimeOriginal" value="2022:04:05 13:49:55"/>
          <property name="Exif/ExposureTime" value="0.00826446"/>
          <property name="Exif/FNumber" value="1.8"/>
          <property name="Exif/FocalLength" value="4.25"/>
          <property name="Exif/FocalLengthIn35mmFilm" value="26"/>
          <property name="Exif/GPSAltitude" value="101.992775041051"/>
          <property name="Exif/GPSImgDirection" value="258.242706393544"/>
          <property name="Exif/GPSLatitude" value="38.9450694444444"/>
          <property name="Exif/GPSLongitude" value="-77.0953972222222"/>
          <property name="Exif/ISOSpeedRatings" value="100"/>
          <property name="Exif/LensMake" value="Apple"/>
          <property name="Exif/LensModel" value="iPhone 11 back dual wide camera 4.25mm f/1.8"/>
          <property name="Exif/Make" value="Apple"/>
          <property name="Exif/Model" value="iPhone 11"/>
          <property name="Exif/Orientation" value="6"/>
          <property name="Exif/ShutterSpeedValue" value="6.92454"/>
          <property name="Exif/Software" value="15.4.1"/>
          <property name="File/ImageHeight" value="3024"/>
          <property name="File/ImageWidth" value="4032"/>
          <property name="System/FileModifyDate" value="2022:04:05 13:49:55"/>
          <property name="System/FileSize" value="4756548"/>
        </meta>
      </photo>
    </camera>
    <camera camera_id="30">
      <photo path="../../../../Downloads/spiderman pics/IMG_1096.JPG">
        <meta>
          <property name="Exif/ApertureValue" value="1.69599"/>
          <property name="Exif/DateTime" value="2022:04:05 13:49:56"/>
          <property name="Exif/DateTimeOriginal" value="2022:04:05 13:49:56"/>
          <property name="Exif/ExposureTime" value="0.00826446"/>
          <property name="Exif/FNumber" value="1.8"/>
          <property name="Exif/FocalLength" value="4.25"/>
          <property name="Exif/FocalLengthIn35mmFilm" value="26"/>
          <property name="Exif/GPSAltitude" value="101.992775041051"/>
          <property name="Exif/GPSImgDirection" value="254.694503925767"/>
          <property name="Exif/GPSLatitude" value="38.9450694444444"/>
          <property name="Exif/GPSLongitude" value="-77.0953972222222"/>
          <property name="Exif/ISOSpeedRatings" value="100"/>
          <property name="Exif/LensMake" value="Apple"/>
          <property name="Exif/LensModel" value="iPhone 11 back dual wide camera 4.25mm f/1.8"/>
          <property name="Exif/Make" value="Apple"/>
          <property name="Exif/Model" value="iPhone 11"/>
          <property name="Exif/Orientation" value="6"/>
          <property name="Exif/ShutterSpeedValue" value="6.92454"/>
          <property name="Exif/Software" value="15.4.1"/>
          <property name="File/ImageHeight" value="3024"/>
          <property name="File/ImageWidth" value="4032"/>
          <property name="System/FileModifyDate" value="2022:04:05 13:49:56"/>
          <property name="System/FileSize" value="4268239"/>
        </meta>
      </photo>
    </camera>
    <camera camera_id="31">
      <photo path="../../../../Downloads/spiderman pics/IMG_1097.JPG">
        <meta>
          <property name="Exif/ApertureValue" value="1.69599"/>
          <property name="Exif/DateTime" value="2022:04:05 13:49:57"/>
          <property name="Exif/DateTimeOriginal" value="2022:04:05 13:49:57"/>
          <property name="Exif/ExposureTime" value="0.00826446"/>
          <property name="Exif/FNumber" value="1.8"/>
          <property name="Exif/FocalLength" value="4.25"/>
          <property name="Exif/FocalLengthIn35mmFilm" value="26"/>
          <property name="Exif/GPSAltitude" value="101.992775041051"/>
          <property name="Exif/GPSImgDirection" value="250.682479784367"/>
          <property name="Exif/GPSLatitude" value="38.9450694444444"/>
          <property name="Exif/GPSLongitude" value="-77.0953972222222"/>
          <property name="Exif/ISOSpeedRatings" value="100"/>
          <property name="Exif/LensMake" value="Apple"/>
          <property name="Exif/LensModel" value="iPhone 11 back dual wide camera 4.25mm f/1.8"/>
          <property name="Exif/Make" value="Apple"/>
          <property name="Exif/Model" value="iPhone 11"/>
          <property name="Exif/Orientation" value="6"/>
          <property name="Exif/ShutterSpeedValue" value="6.92454"/>
          <property name="Exif/Software" value="15.4.1"/>
          <property name="File/ImageHeight" value="3024"/>
          <property name="File/ImageWidth" value="4032"/>
          <property name="System/FileModifyDate" value="2022:04:05 13:49:57"/>
          <property name="System/FileSize" value="3723244"/>
        </meta>
      </photo>
    </camera>
    <camera camera_id="32">
      <photo path="../../../../Downloads/spiderman pics/IMG_1098.JPG">
        <meta>
          <property name="Exif/ApertureValue" value="1.69599"/>
          <property name="Exif/DateTime" value="2022:04:05 13:49:58"/>
          <property name="Exif/DateTimeOriginal" value="2022:04:05 13:49:58"/>
          <property name="Exif/ExposureTime" value="0.00826446"/>
          <property name="Exif/FNumber" value="1.8"/>
          <property name="Exif/FocalLength" value="4.25"/>
          <property name="Exif/FocalLengthIn35mmFilm" value="26"/>
          <property name="Exif/GPSAltitude" value="101.992775041051"/>
          <property name="Exif/GPSImgDirection" value="247.771957463568"/>
          <property name="Exif/GPSLatitude" value="38.9450694444444"/>
          <property name="Exif/GPSLongitude" value="-77.0953972222222"/>
          <property name="Exif/ISOSpeedRatings" value="100"/>
          <property name="Exif/LensMake" value="Apple"/>
          <property name="Exif/LensModel" value="iPhone 11 back dual wide camera 4.25mm f/1.8"/>
          <property name="Exif/Make" value="Apple"/>
          <property name="Exif/Model" value="iPhone 11"/>
          <property name="Exif/Orientation" value="6"/>
          <property name="Exif/ShutterSpeedValue" value="6.92454"/>
          <property name="Exif/Software" value="15.4.1"/>
          <property name="File/ImageHeight" value="3024"/>
          <property name="File/ImageWidth" value="4032"/>
          <property name="System/FileModifyDate" value="2022:04:05 13:49:58"/>
          <property name="System/FileSize" value="3613308"/>
        </meta>
      </photo>
    </camera>
    <camera camera_id="33">
      <photo path="../../../../Downloads/spiderman pics/IMG_1099.JPG">
        <meta>
          <property name="Exif/ApertureValue" value="1.69599"/>
          <property name="Exif/DateTime" value="2022:04:05 13:50:31"/>
          <property name="Exif/DateTimeOriginal" value="2022:04:05 13:50:31"/>
          <property name="Exif/ExposureTime" value="0.0166667"/>
          <property name="Exif/FNumber" value="1.8"/>
          <property name="Exif/FocalLength" value="4.25"/>
          <property name="Exif/FocalLengthIn35mmFilm" value="26"/>
          <property name="Exif/GPSAltitude" value="101.992775041051"/>
          <property name="Exif/GPSImgDirection" value="194.908950617284"/>
          <property name="Exif/GPSLatitude" value="38.9450805555555"/>
          <property name="Exif/GPSLongitude" value="-77.09545"/>
          <property name="Exif/ISOSpeedRatings" value="80"/>
          <property name="Exif/LensMake" value="Apple"/>
          <property name="Exif/LensModel" value="iPhone 11 back dual wide camera 4.25mm f/1.8"/>
          <property name="Exif/Make" value="Apple"/>
          <property name="Exif/Model" value="iPhone 11"/>
          <property name="Exif/Orientation" value="6"/>
          <property name="Exif/ShutterSpeedValue" value="5.90738"/>
          <property name="Exif/Software" value="15.4.1"/>
          <property name="File/ImageHeight" value="3024"/>
          <property name="File/ImageWidth" value="4032"/>
          <property name="System/FileModifyDate" value="2022:04:05 13:51:12"/>
          <property name="System/FileSize" value="3607682"/>
        </meta>
      </photo>
    </camera>
    <camera camera_id="34">
      <photo path="../../../../Downloads/spiderman pics/IMG_1100.JPG">
        <meta>
          <property name="Exif/ApertureValue" value="1.69599"/>
          <property name="Exif/DateTime" value="2022:04:05 13:50:33"/>
          <property name="Exif/DateTimeOriginal" value="2022:04:05 13:50:33"/>
          <property name="Exif/ExposureTime" value="0.00833333"/>
          <property name="Exif/FNumber" value="1.8"/>
          <property name="Exif/FocalLength" value="4.25"/>
          <property name="Exif/FocalLengthIn35mmFilm" value="26"/>
          <property name="Exif/GPSAltitude" value="101.992775041051"/>
          <property name="Exif/GPSImgDirection" value="193.305084228516"/>
          <property name="Exif/GPSLatitude" value="38.9450805555555"/>
          <property name="Exif/GPSLongitude" value="-77.09545"/>
          <property name="Exif/ISOSpeedRatings" value="125"/>
          <property name="Exif/LensMake" value="Apple"/>
          <property name="Exif/LensModel" value="iPhone 11 back dual wide camera 4.25mm f/1.8"/>
          <property name="Exif/Make" value="Apple"/>
          <property name="Exif/Model" value="iPhone 11"/>
          <property name="Exif/Orientation" value="6"/>
          <property name="Exif/ShutterSpeedValue" value="6.90816"/>
          <property name="Exif/Software" value="15.4.1"/>
          <property name="File/ImageHeight" value="3024"/>
          <property name="File/ImageWidth" value="4032"/>
          <property name="System/FileModifyDate" value="2022:04:05 13:50:34"/>
          <property name="System/FileSize" value="3981747"/>
        </meta>
      </photo>
    </camera>
    <camera camera_id="35">
      <photo path="../../../../Downloads/spiderman pics/IMG_1101.JPG">
        <meta>
          <property name="Exif/ApertureValue" value="1.69599"/>
          <property name="Exif/DateTime" value="2022:04:05 13:50:36"/>
          <property name="Exif/DateTimeOriginal" value="2022:04:05 13:50:36"/>
          <property name="Exif/ExposureTime" value="0.00833333"/>
          <property name="Exif/FNumber" value="1.8"/>
          <property name="Exif/FocalLength" value="4.25"/>
          <property name="Exif/FocalLengthIn35mmFilm" value="26"/>
          <property name="Exif/GPSAltitude" value="101.992775041051"/>
          <property name="Exif/GPSImgDirection" value="290.120391705069"/>
          <property name="Exif/GPSLatitude" value="38.9450638888889"/>
          <property name="Exif/GPSLongitude" value="-77.0954055555555"/>
          <property name="Exif/ISOSpeedRatings" value="100"/>
          <property name="Exif/LensMake" value="Apple"/>
          <property name="Exif/LensModel" value="iPhone 11 back dual wide camera 4.25mm f/1.8"/>
          <property name="Exif/Make" value="Apple"/>
          <property name="Exif/Model" value="iPhone 11"/>
          <property name="Exif/Orientation" value="6"/>
          <property name="Exif/ShutterSpeedValue" value="6.90816"/>
          <property name="Exif/Software" value="15.4.1"/>
          <property name="File/ImageHeight" value="3024"/>
          <property name="File/ImageWidth" value="4032"/>
          <property name="System/FileModifyDate" value="2022:04:05 13:50:36"/>
          <property name="System/FileSize" value="3933491"/>
        </meta>
      </photo>
    </camera>
    <camera camera_id="36">
      <photo path="../../../../Downloads/spiderman pics/IMG_1102.JPG">
        <meta>
          <property name="Exif/ApertureValue" value="1.69599"/>
          <property name="Exif/DateTime" value="2022:04:05 13:50:40"/>
          <property name="Exif/DateTimeOriginal" value="2022:04:05 13:50:40"/>
          <property name="Exif/ExposureTime" value="0.00833333"/>
          <property name="Exif/FNumber" value="1.8"/>
          <property name="Exif/FocalLength" value="4.25"/>
          <property name="Exif/FocalLengthIn35mmFilm" value="26"/>
          <property name="Exif/GPSAltitude" value="101.992775041051"/>
          <property name="Exif/GPSImgDirection" value="22.4606285310734"/>
          <property name="Exif/GPSLatitude" value="38.9450638888889"/>
          <property name="Exif/GPSLongitude" value="-77.0954055555555"/>
          <property name="Exif/ISOSpeedRatings" value="100"/>
          <property name="Exif/LensMake" value="Apple"/>
          <property name="Exif/LensModel" value="iPhone 11 back dual wide camera 4.25mm f/1.8"/>
          <property name="Exif/Make" value="Apple"/>
          <property name="Exif/Model" value="iPhone 11"/>
          <property name="Exif/Orientation" value="6"/>
          <property name="Exif/ShutterSpeedValue" value="6.90816"/>
          <property name="Exif/Software" value="15.4.1"/>
          <property name="File/ImageHeight" value="3024"/>
          <property name="File/ImageWidth" value="4032"/>
          <property name="System/FileModifyDate" value="2022:04:05 13:50:40"/>
          <property name="System/FileSize" value="4390980"/>
        </meta>
      </photo>
    </camera>
    <camera camera_id="37">
      <photo path="../../../../Downloads/spiderman pics/IMG_1103.JPG">
        <meta>
          <property name="Exif/ApertureValue" value="1.69599"/>
          <property name="Exif/DateTime" value="2022:04:05 13:50:44"/>
          <property name="Exif/DateTimeOriginal" value="2022:04:05 13:50:44"/>
          <property name="Exif/ExposureTime" value="0.00833333"/>
          <property name="Exif/FNumber" value="1.8"/>
          <property name="Exif/FocalLength" value="4.25"/>
          <property name="Exif/FocalLengthIn35mmFilm" value="26"/>
          <property name="Exif/GPSAltitude" value="101.992775041051"/>
          <property name="Exif/GPSImgDirection" value="103.194282542326"/>
          <property name="Exif/GPSLatitude" value="38.9450388888889"/>
          <property name="Exif/GPSLongitude" value="-77.0953305555555"/>
          <property name="Exif/ISOSpeedRatings" value="100"/>
          <property name="Exif/LensMake" value="Apple"/>
          <property name="Exif/LensModel" value="iPhone 11 back dual wide camera 4.25mm f/1.8"/>
          <property name="Exif/Make" value="Apple"/>
          <property name="Exif/Model" value="iPhone 11"/>
          <property name="Exif/Orientation" value="6"/>
          <property name="Exif/ShutterSpeedValue" value="6.90816"/>
          <property name="Exif/Software" value="15.4.1"/>
          <property name="File/ImageHeight" value="3024"/>
          <property name="File/ImageWidth" value="4032"/>
          <property name="System/FileModifyDate" value="2022:04:05 13:50:44"/>
          <property name="System/FileSize" value="4500388"/>
        </meta>
      </photo>
    </camera>
    <camera camera_id="38">
      <photo path="../../../../Downloads/spiderman pics/IMG_1104.JPG">
        <meta>
          <property name="Exif/ApertureValue" value="1.69599"/>
          <property name="Exif/DateTime" value="2022:04:05 13:50:48"/>
          <property name="Exif/DateTimeOriginal" value="2022:04:05 13:50:48"/>
          <property name="Exif/ExposureTime" value="0.00833333"/>
          <property name="Exif/FNumber" value="1.8"/>
          <property name="Exif/FocalLength" value="4.25"/>
          <property name="Exif/FocalLengthIn35mmFilm" value="26"/>
          <property name="Exif/GPSAltitude" value="101.992775041051"/>
          <property name="Exif/GPSImgDirection" value="185.880615384615"/>
          <property name="Exif/GPSLatitude" value="38.9450222222222"/>
          <property name="Exif/GPSLongitude" value="-77.095475"/>
          <property name="Exif/ISOSpeedRatings" value="80"/>
          <property name="Exif/LensMake" value="Apple"/>
          <property name="Exif/LensModel" value="iPhone 11 back dual wide camera 4.25mm f/1.8"/>
          <property name="Exif/Make" value="Apple"/>
          <property name="Exif/Model" value="iPhone 11"/>
          <property name="Exif/Orientation" value="6"/>
          <property name="Exif/ShutterSpeedValue" value="6.90816"/>
          <property name="Exif/Software" value="15.4.1"/>
          <property name="File/ImageHeight" value="3024"/>
          <property name="File/ImageWidth" value="4032"/>
          <property name="System/FileModifyDate" value="2022:04:05 13:50:48"/>
          <property name="System/FileSize" value="4399152"/>
        </meta>
      </photo>
    </camera>
    <camera camera_id="39">
      <photo path="../../../../Downloads/spiderman pics/IMG_1105.JPG">
        <meta>
          <property name="Exif/ApertureValue" value="1.69599"/>
          <property name="Exif/DateTime" value="2022:04:05 13:50:53"/>
          <property name="Exif/DateTimeOriginal" value="2022:04:05 13:50:53"/>
          <property name="Exif/ExposureTime" value="0.0116279"/>
          <property name="Exif/FNumber" value="1.8"/>
          <property name="Exif/FocalLength" value="4.25"/>
          <property name="Exif/FocalLengthIn35mmFilm" value="26"/>
          <property name="Exif/GPSAltitude" value="101.992775041051"/>
          <property name="Exif/GPSImgDirection" value="26.480712890625"/>
          <property name="Exif/GPSLatitude" value="38.9450777777778"/>
          <property name="Exif/GPSLongitude" value="-77.0954888888889"/>
          <property name="Exif/ISOSpeedRatings" value="125"/>
          <property name="Exif/LensMake" value="Apple"/>
          <property name="Exif/LensModel" value="iPhone 11 back dual wide camera 4.25mm f/1.8"/>
          <property name="Exif/Make" value="Apple"/>
          <property name="Exif/Model" value="iPhone 11"/>
          <property name="Exif/Orientation" value="6"/>
          <property name="Exif/ShutterSpeedValue" value="6.42489"/>
          <property name="Exif/Software" value="15.4.1"/>
          <property name="File/ImageHeight" value="3024"/>
          <property name="File/ImageWidth" value="4032"/>
          <property name="System/FileModifyDate" value="2022:04:05 13:51:15"/>
          <property name="System/FileSize" value="4171535"/>
        </meta>
      </photo>
    </camera>
  </cameras>
  <thumbnails path="thumbnails/thumbnails.zip"/>
  <point_cloud path="point_cloud/point_cloud.zip"/>
  <depth_maps id="0" path="depth_maps/depth_maps.zip"/>
  <model id="0" path="model/model.zip"/>
</frame>
